tid,LEGAL_SCJUDGE,LEGAL_DESIGN,LEGAL_GEN,LEGAL_PATENT,LEGAL_TRADEMARK,LEGAL_COPYRIGHT,LEGAL_RESERVATION_CATEGORY,LEGAL_CRIMINAL_PROCEDURE,LEGAL_ENTITY,COPYRIGHT_ACT,PATENTS_ACT,DESIGNS_ACT,INFORMATION_TECHNOLOGY_ACT,TRADEMARK_ACT
100123,0,6,17,0,0,0,0,209,10,0,0,0,0,0
1001948,0,4,31,2,0,5,4,66,10,1,0,0,0,0
1006468,0,4,31,0,3,0,0,191,17,0,0,0,0,0
1006709,0,0,22,0,0,0,0,66,1,0,0,0,0,0
1007946,0,0,17,0,0,3,0,66,17,0,0,0,0,0
101008236,0,5,31,0,0,0,0,14,17,0,0,0,0,0
1011356,0,0,31,0,0,0,0,191,17,0,0,0,0,0
1012649,0,7,31,0,0,0,0,209,10,0,0,0,0,0
1013766,0,9,31,0,0,0,4,191,6,0,0,0,0,0
1014138,160,8,4,0,0,6,4,191,16,0,0,0,0,0
1019490,0,7,31,0,0,0,4,191,10,0,0,0,0,0
1022090,0,7,2,0,62,22,0,191,21,0,0,0,0,0
1022584,0,4,31,0,0,0,0,191,8,0,0,0,0,0
1023674,0,7,13,0,0,0,0,191,3,0,0,0,0,0
10239019,0,4,31,0,0,0,4,191,3,0,0,0,0,0
1024124,0,6,20,0,0,0,0,66,17,0,0,0,0,0
102653512,0,7,31,0,39,5,4,209,10,1,0,0,0,0
102852,0,7,30,0,0,0,8,66,1,0,0,0,0,0
102886851,0,4,24,0,0,0,4,66,17,0,0,0,0,0
103057287,0,0,22,2,0,0,0,66,1,0,0,0,0,0
1030976,0,7,22,0,0,3,0,191,2,0,0,0,0,0
1033637,0,4,31,0,0,0,0,191,3,0,0,0,0,0
1033812,109,0,22,0,0,0,0,66,0,0,0,0,0,0
103434922,0,7,26,2,0,0,0,209,10,0,0,0,0,0
1035346,0,7,31,2,0,0,4,14,17,0,0,0,0,0
103561,0,4,31,0,0,3,0,191,17,0,0,0,0,0
1035719,0,4,19,0,0,0,0,191,1,0,0,0,0,0
1038563,0,0,20,0,0,0,0,159,16,0,0,0,0,0
104312764,0,4,31,0,0,3,4,191,15,0,0,0,0,0
104313664,0,6,3,0,0,0,4,66,1,0,0,0,0,0
104377,0,7,31,2,0,0,0,66,17,0,0,0,0,0
104810373,0,7,30,0,0,22,4,191,17,0,0,0,0,0
1048632,0,7,31,0,0,0,0,191,16,0,0,0,0,0
104935066,0,4,17,0,0,3,0,191,17,0,0,0,0,0
1052178,0,0,3,0,0,0,4,54,6,0,0,0,0,0
1053542,0,8,22,0,0,0,0,66,16,0,0,0,0,0
1056935,0,9,31,0,0,0,0,191,21,0,0,0,0,0
105936170,0,0,31,0,0,0,0,14,2,0,0,0,0,0
1062099,0,5,31,0,0,5,4,191,10,1,0,0,0,0
1073828,0,0,31,0,0,3,0,14,0,0,0,0,0,0
107853771,0,7,31,2,62,5,4,191,10,1,1,1,0,0
108020655,0,8,30,0,0,0,0,191,21,0,0,0,0,0
108509106,0,4,31,0,0,0,0,209,10,0,0,0,0,0
1086058,0,7,33,0,0,6,4,191,17,0,0,0,0,0
1092394,0,8,11,0,0,0,4,14,17,0,0,0,0,0
109700315,0,0,22,0,0,0,0,14,0,0,0,0,0,0
1097490,0,7,31,0,0,0,0,191,3,0,0,0,0,0
1097981,0,7,2,0,0,0,0,66,21,0,0,0,0,0
1098305,0,0,22,0,38,0,0,191,17,0,0,0,0,0
109874394,0,7,31,0,62,5,4,191,10,1,0,1,0,0
1099140,0,5,22,0,0,0,4,14,15,0,0,0,0,0
1102062,0,7,13,0,0,0,0,66,16,0,0,0,0,0
1103984,0,7,2,0,0,0,0,191,16,0,0,0,0,0
1104087,0,6,17,0,0,0,4,191,21,0,0,0,0,0
1104701,0,4,17,0,39,0,4,209,10,0,0,0,0,0
1105134,0,7,20,0,0,0,0,83,16,0,0,0,0,0
1106747,0,0,31,0,0,0,5,66,16,0,0,0,0,0
110813550,0,7,31,0,62,6,0,191,3,0,0,0,1,0
1110013,0,7,33,3,0,0,4,66,8,0,0,0,0,0
1114158,0,4,27,0,6,0,4,191,17,0,0,0,0,0
1115541,0,0,13,0,0,0,8,66,17,0,0,0,0,0
111777378,0,8,31,2,0,0,0,66,17,0,0,0,0,0
1120137,98,8,31,0,0,0,0,14,17,0,0,0,0,0
1120277,0,7,31,0,0,3,4,191,1,0,0,0,0,0
1120373,0,0,31,0,0,0,0,66,20,0,0,0,0,0
1121229,0,7,31,2,0,0,0,66,1,0,0,0,0,0
112850760,0,9,33,2,38,6,4,66,1,0,0,0,0,0
112896520,0,4,31,0,0,0,0,191,17,0,0,0,0,0
112937069,0,4,31,0,0,5,0,191,17,1,1,1,0,0
1129833,0,8,20,0,0,20,0,66,1,0,0,0,0,0
1130742,0,5,33,0,0,0,7,66,17,0,0,0,0,0
1131957,0,4,31,0,0,5,0,191,10,1,0,1,0,0
1132299,0,4,27,0,0,0,0,191,10,0,0,0,0,0
1132362,0,0,31,3,0,14,0,66,10,0,0,0,0,0
1134429,0,3,3,0,0,0,4,191,17,0,0,0,0,0
1134697,0,7,30,0,0,0,5,191,1,0,0,0,0,0
1136663,150,4,31,0,0,0,4,191,3,0,0,0,0,0
1136885,0,5,33,0,0,0,0,104,21,0,0,0,0,0
113963352,0,7,8,0,0,0,0,66,10,0,0,0,0,0
1147125,0,7,31,2,0,0,4,191,8,0,0,0,0,0
1147963,0,0,30,0,0,0,4,66,17,0,0,0,0,0
1149874,0,8,31,2,0,0,0,191,21,0,0,0,0,0
1151918,0,8,2,0,0,0,0,66,17,0,0,0,0,0
1152518,0,7,13,2,0,0,4,66,1,0,0,0,0,0
1154981,0,7,31,0,0,0,4,66,21,0,0,0,0,0
1155640,0,5,31,0,0,0,4,191,17,0,0,0,0,0
1156538,0,5,31,0,0,0,0,78,8,0,1,0,0,0
115701246,0,7,30,2,0,20,4,191,1,0,0,0,0,0
115718142,0,4,4,3,0,5,0,191,10,1,0,0,0,0
1159790,0,8,3,0,0,0,0,66,6,0,0,0,0,0
1163546,0,8,31,0,0,0,0,191,0,0,0,0,0,0
116548206,0,7,31,12,62,3,0,191,1,0,1,0,0,0
1165503,0,9,31,0,0,0,0,191,15,0,0,0,0,0
1166220,0,7,13,3,0,20,0,66,17,0,0,0,0,0
1168060,0,0,31,0,0,0,0,66,10,0,0,0,0,0
1180101,0,6,33,0,0,12,5,191,1,0,0,0,0,0
1180206,0,6,31,0,0,5,0,159,6,1,0,0,0,0
1180216,45,5,31,0,0,0,5,191,15,0,0,0,0,0
118046405,0,0,31,0,0,0,0,297,16,0,0,0,0,0
1181080,0,4,27,0,62,0,0,191,17,0,0,0,0,0
118501220,0,4,30,0,0,0,0,66,17,0,0,0,0,0
1186368,0,7,30,0,0,0,8,191,16,0,0,0,0,0
1186410,0,9,31,0,0,0,0,191,17,0,0,0,0,0
1187885,0,0,31,0,0,0,0,14,17,0,0,0,0,0
1187886,0,0,31,0,0,0,0,14,17,0,0,0,0,0
119316583,0,6,0,0,0,0,0,297,2,0,0,0,0,0
1194654,0,7,31,0,0,5,4,191,10,1,0,0,0,0
119540048,0,7,31,3,0,5,0,66,21,1,1,0,0,0
1195618,0,4,31,0,0,5,0,191,17,0,0,1,0,0
1199558,0,8,33,0,0,0,0,66,3,0,0,0,0,0
1202878,0,5,22,0,0,0,0,191,21,0,0,0,0,0
120358,0,7,13,0,0,3,7,191,21,0,0,0,0,0
12050516,0,0,3,0,0,0,0,66,0,0,0,0,0,0
1206754,0,7,30,0,0,5,0,191,1,0,0,0,0,0
1206795,0,4,27,0,62,21,4,191,10,0,0,0,0,0
1209528,0,4,17,0,39,0,0,191,15,0,0,0,0,0
1212077,0,0,31,0,39,0,5,191,15,0,0,0,0,0
1213021,0,8,31,0,0,3,4,191,21,0,0,0,0,0
1213194,0,7,13,0,0,0,0,191,17,0,0,0,0,0
1214980,0,7,13,0,0,22,4,191,15,0,0,0,0,0
1216757,0,7,31,0,0,0,0,66,17,0,0,0,0,0
1220952,0,8,31,0,0,3,0,66,4,0,0,0,0,0
122362,0,7,31,0,0,3,4,66,21,0,0,0,0,0
1224686,0,7,31,0,0,3,0,140,10,0,0,0,0,0
1231223,0,7,22,0,39,0,0,191,17,0,0,0,0,0
1231997,108,0,22,0,0,0,4,191,15,0,0,0,0,0
1233360,0,7,31,2,62,0,0,66,1,0,0,0,0,0
1233850,0,8,31,0,0,0,4,191,15,0,0,0,0,0
123737198,0,7,31,0,62,5,0,209,10,1,0,0,0,0
1237504,0,1,17,0,0,3,0,14,17,0,0,0,0,0
1239673,0,4,31,0,62,0,0,66,10,0,0,0,0,0
1240131,0,0,31,0,0,3,4,191,17,0,0,0,0,0
124137051,0,4,31,0,62,14,5,209,10,0,0,0,0,0
1242789,0,7,31,0,0,5,4,191,8,1,0,0,0,0
1246653,0,7,3,0,0,22,4,191,17,0,0,0,0,0
1247926,0,4,31,0,0,0,0,191,17,0,0,0,0,0
1261492,0,7,20,0,0,0,8,191,1,0,0,0,0,0
126699,0,0,22,0,62,0,0,14,17,0,0,0,0,0
1271015,0,7,4,0,39,5,0,191,8,1,0,0,0,0
1274327,0,0,3,2,0,0,0,66,17,0,0,0,0,0
127517806,0,7,31,0,0,3,4,191,1,0,0,0,1,0
1276331,0,7,13,0,0,3,0,191,1,0,0,0,0,0
1278222,0,8,31,0,0,0,0,66,1,0,0,0,0,0
1278868,0,7,2,2,0,22,0,191,21,0,0,0,0,0
1281050,0,7,11,0,0,3,5,191,17,0,0,0,0,0
128161,0,7,13,0,0,0,0,191,17,0,0,0,0,0
1287305,0,6,3,0,0,3,4,191,3,0,0,0,0,0
1290723,0,4,13,0,0,0,4,191,17,0,0,0,0,0
1291316,0,7,13,0,0,0,0,191,17,0,0,0,0,0
1292071,0,7,22,0,0,0,0,191,15,0,0,0,0,0
1292463,0,0,31,0,0,0,0,66,16,0,0,0,0,0
1295746,108,5,31,0,0,0,0,66,1,0,0,0,0,0
1296255,0,0,31,0,0,3,0,191,1,0,0,0,0,0
1297488,0,7,13,0,0,0,0,66,3,0,0,0,0,0
1299452,0,0,33,0,19,3,0,191,10,0,0,0,0,0
1300072,0,9,20,0,0,0,0,14,1,0,0,0,0,0
1300646,0,8,17,0,0,0,0,191,1,0,0,0,0,0
1300681,45,4,27,0,0,0,0,191,17,0,0,0,0,0
130087,0,7,27,0,10,5,0,78,8,1,0,0,0,0
130353321,0,8,11,0,0,0,0,66,17,0,0,0,0,0
1304475,0,7,33,0,0,0,4,66,1,0,0,0,0,0
130470,0,0,31,0,62,0,4,54,3,0,0,0,0,0
1307266,0,4,31,0,0,3,0,191,1,0,0,0,0,0
1307808,0,6,22,3,0,3,0,66,16,0,0,0,0,0
1313207,0,0,0,0,0,0,0,0,0,0,0,0,0,0
1318646,0,6,20,0,0,0,0,191,1,0,0,0,0,0
1319506,0,7,22,0,39,3,5,191,17,1,0,0,0,0
1326449,0,7,31,0,0,0,4,191,17,0,0,0,0,0
1326478,134,7,17,0,0,3,0,66,16,0,0,0,0,0
1326499,0,4,31,0,0,0,4,101,3,0,0,0,0,0
1327080,0,7,31,0,0,5,0,66,10,1,0,0,0,0
1328814,0,7,31,0,0,0,4,191,10,0,0,1,0,0
1329151,0,7,30,0,0,0,4,66,1,0,0,0,0,0
1330629,0,8,30,0,0,0,4,66,1,0,0,0,0,0
1333219,0,4,5,0,3,0,0,191,17,0,0,0,0,0
1334665,0,8,30,0,0,0,0,191,17,0,0,0,0,0
1335881,156,4,27,0,62,16,4,140,17,1,0,0,0,0
133640019,0,5,31,0,0,0,0,297,17,0,0,0,0,0
1338327,0,9,33,3,0,0,4,66,8,0,0,0,0,0
1338837,0,4,22,2,0,0,0,66,1,0,0,0,0,0
1341112,0,7,31,0,0,0,4,191,17,0,0,0,0,0
1341716,0,7,13,0,0,0,4,66,17,0,0,0,0,0
1341895,0,0,31,0,0,0,0,191,17,0,0,0,0,0
134913,0,4,27,0,0,5,0,209,10,1,0,0,0,0
1350547,0,4,31,0,0,0,0,191,17,0,0,0,0,0
135285745,0,7,2,0,0,0,4,76,1,0,0,0,0,0
1353689,0,7,31,2,0,0,5,66,1,0,0,0,0,0
1354608,58,6,22,3,0,0,4,101,10,0,0,0,0,0
1355660,0,6,31,0,0,3,0,191,6,0,0,0,0,0
135809,0,7,2,0,0,0,0,66,17,0,0,0,0,0
135953,0,4,31,0,0,0,0,14,21,0,0,0,0,0
1362442,108,6,17,0,0,0,4,66,17,0,0,0,0,0
1363234,0,7,30,0,0,6,7,191,1,0,0,0,0,0
1365277,0,7,3,0,0,3,4,191,1,0,0,0,0,0
137050,0,4,31,0,0,0,0,66,17,0,0,0,0,0
137238378,0,4,31,2,0,0,4,66,1,0,0,0,0,0
1375132,0,5,31,0,0,0,0,66,1,0,0,0,0,0
1377335,0,7,31,2,0,0,0,191,17,0,0,0,0,0
137734242,0,8,3,0,0,0,4,191,1,0,0,0,0,0
1378876,0,6,31,0,0,0,0,59,6,0,0,0,0,0
138184,0,7,31,0,0,0,4,66,10,0,0,0,0,0
138192511,0,5,31,0,10,5,0,191,10,1,1,0,0,0
1381953,0,0,31,0,0,2,0,101,3,0,0,0,0,0
138217214,0,6,3,0,0,0,0,14,21,0,0,0,0,0
1382657,0,7,13,3,0,0,0,66,10,0,0,0,0,0
1382698,0,7,30,0,0,0,3,191,1,0,0,0,0,0
138826371,0,0,31,0,0,0,0,16,16,0,0,0,0,0
1389940,45,4,31,2,0,3,0,191,17,0,0,0,0,0
139299795,0,7,30,0,0,0,4,191,21,0,0,0,0,0
139670361,0,4,31,2,0,0,4,208,1,0,0,0,0,0
1397964,0,4,31,0,62,0,0,191,17,0,0,0,0,0
1401520,0,7,33,2,0,0,5,66,16,0,0,0,0,0
1401567,0,0,17,0,0,0,0,66,0,0,0,0,0,0
1403309,0,8,2,0,0,0,0,66,17,0,0,0,0,0
1403823,0,7,17,2,0,0,0,209,10,0,0,0,0,0
1404351,0,7,13,0,0,3,0,191,10,0,0,0,0,0
1405951,0,4,31,0,0,3,0,191,17,0,0,0,0,0
1407895,0,0,24,3,0,0,0,210,1,0,0,0,0,0
1411268,0,0,31,0,0,0,0,191,1,0,0,0,0,0
1414629,0,5,22,0,0,0,0,191,17,0,0,0,0,0
1415114,0,7,31,0,0,5,4,191,8,1,0,0,0,0
1416283,0,7,33,0,0,3,0,191,16,0,0,0,0,0
1418391,0,7,31,0,0,3,0,191,1,0,0,0,0,0
1425094,0,4,31,2,0,0,0,191,1,0,0,0,0,0
1425329,0,7,13,0,0,6,5,191,2,0,0,0,0,0
1425907,0,4,17,0,0,0,0,66,1,0,0,0,0,0
1426304,0,7,31,0,0,0,0,66,17,0,0,0,0,0
143202244,2,7,31,0,0,5,4,191,3,0,0,0,0,0
14377547,0,0,0,0,0,0,0,66,15,0,0,0,0,0
1438183,0,7,31,0,0,3,0,191,6,0,0,0,0,0
143917974,0,4,31,0,0,0,5,66,16,0,0,0,0,0
1439704,0,4,27,0,0,5,4,191,17,1,0,0,0,0
1440160,0,7,4,0,0,5,0,78,8,0,0,0,0,0
1442144,0,0,2,0,0,0,0,12,0,0,0,0,0,0
1445734,0,7,2,0,0,22,0,66,21,0,0,0,0,0
1447296,0,6,31,0,0,0,0,191,4,0,0,0,0,0
1453719,0,0,3,0,0,0,0,66,17,0,0,0,0,0
145401736,0,7,31,0,62,3,4,191,8,1,0,0,1,1
1462242,0,7,31,0,0,0,0,66,8,0,0,0,0,0
146267,0,0,22,0,0,0,8,14,15,0,0,0,0,0
1465670,0,0,31,0,0,0,0,66,20,0,0,0,0,0
146940961,0,7,3,0,0,0,0,66,16,0,0,0,0,0
1470887,0,4,5,0,62,5,4,191,17,0,0,0,0,0
1474119,0,7,30,0,0,0,4,191,1,0,0,0,0,0
1475926,0,8,13,0,0,0,8,14,17,0,0,0,0,0
148082701,185,7,31,0,0,5,4,66,10,1,0,0,0,0
1482259,0,7,31,0,0,0,4,191,16,0,0,0,0,0
1483262,0,7,31,0,0,0,4,66,17,0,0,0,0,0
1484358,0,0,31,0,0,0,0,66,1,0,0,0,0,0
1486034,0,7,30,0,0,3,3,83,6,0,0,0,0,0
1486949,0,7,30,0,0,3,4,191,16,0,0,0,0,0
1487019,0,0,31,0,0,0,0,191,16,0,0,0,0,0
14898186,0,0,0,0,0,0,0,66,0,0,0,0,0,0
1500505,0,4,31,0,0,0,0,208,16,0,0,0,0,0
150473,0,9,31,0,0,0,0,66,8,0,0,0,0,0
1505859,0,3,3,0,0,0,4,14,20,0,0,0,0,0
1507797,0,4,31,0,0,0,0,78,8,0,0,0,0,0
150814946,0,7,33,0,0,0,0,191,1,0,0,0,0,0
1508554,108,7,30,0,0,0,4,66,1,0,0,0,0,0
1509628,0,3,30,3,0,0,4,191,1,0,0,0,0,0
151308629,0,7,27,3,0,5,4,66,17,0,0,0,0,0
1514111,0,5,31,0,38,3,0,191,1,0,0,0,0,0
1514512,0,4,33,0,62,0,5,14,1,0,0,0,0,0
1515299,0,7,31,0,0,3,4,66,20,0,0,0,0,0
151609698,0,0,13,0,0,0,0,83,3,0,0,0,0,0
1519371,0,3,31,0,0,5,0,191,17,0,0,0,0,0
1521407,0,0,31,0,0,0,4,66,17,0,0,0,0,0
1521460,0,0,30,0,0,0,0,66,1,0,0,0,0,0
152460,0,7,31,0,0,0,0,209,10,0,0,0,0,0
1528386,0,0,17,0,0,22,0,66,17,0,0,0,0,0
1536230,0,7,31,2,0,0,0,191,17,0,0,0,0,0
1537954,0,5,31,0,0,0,4,191,10,0,0,0,0,0
1543503,0,4,31,0,6,5,0,191,10,0,1,1,0,0
1543623,0,7,31,0,0,0,0,191,17,0,0,0,0,0
1548289,0,3,31,0,0,5,0,191,17,1,0,0,0,0
154833956,0,4,31,0,62,5,4,66,10,0,0,0,0,0
1550190,0,5,3,0,0,0,0,191,4,0,0,0,0,0
155272316,0,4,30,0,0,0,4,191,2,0,0,0,0,0
155329262,179,7,31,2,0,0,4,66,1,0,0,0,0,0
1555192,0,4,27,0,0,0,4,191,10,0,0,0,0,0
155579055,0,6,3,0,0,0,5,191,21,0,0,0,0,0
1564015,0,6,31,0,0,0,0,191,21,0,0,0,0,0
1566,0,7,2,2,0,0,0,66,16,0,0,0,0,0
1567371,0,8,30,2,0,0,0,66,1,0,0,0,0,0
1567797,0,6,17,2,0,0,0,78,8,0,0,0,0,0
1568935,59,5,31,0,0,0,0,191,17,0,0,0,0,0
1572876,0,8,20,2,0,0,4,66,1,0,0,0,0,0
1576587,0,7,31,0,0,0,4,191,1,0,0,0,0,0
1578200,0,7,2,0,0,3,4,191,17,0,0,0,0,0
1584936,0,0,33,0,0,0,0,66,17,0,0,0,0,0
1586918,0,6,31,0,0,0,0,191,17,0,0,0,0,0
1589218,0,0,31,0,0,0,4,14,3,0,0,0,0,0
1592558,0,7,31,0,0,5,4,191,17,1,0,0,0,0
1593570,0,8,22,2,0,0,0,66,1,0,0,0,0,0
1594031,0,7,31,0,0,3,0,191,17,0,0,0,0,0
1596320,0,0,31,0,0,0,4,14,17,0,0,0,0,0
1596866,0,0,3,0,0,0,0,83,16,0,0,0,0,0
1597179,0,0,31,0,0,0,0,12,20,0,0,0,0,0
1599972,108,6,31,0,0,0,4,101,6,0,0,0,0,0
160205361,0,0,31,2,0,0,0,191,16,0,0,0,0,0
1602137,0,7,31,0,0,0,0,191,17,0,0,0,0,0
1602162,0,7,13,0,0,0,0,191,17,0,0,0,0,0
1604568,0,6,31,0,0,0,4,16,17,0,0,0,0,0
1610804,0,9,31,0,0,0,4,66,21,0,0,0,0,0
161147300,0,7,31,0,0,5,0,66,8,1,0,0,0,0
1611623,0,6,31,0,0,0,4,191,20,0,0,0,0,0
1611775,0,9,31,0,0,3,0,191,17,0,0,0,0,0
1615016,0,4,31,0,0,0,4,191,1,0,0,0,0,0
161614515,0,7,14,0,0,3,0,14,17,0,0,0,0,0
1616148,0,0,30,0,0,0,0,66,17,0,0,0,0,0
161939,0,4,31,0,0,0,4,191,16,0,0,0,0,0
162420,0,6,31,0,0,0,0,66,1,0,0,0,0,0
162432291,0,8,31,0,0,0,0,45,1,0,0,0,0,0
1627481,0,8,24,0,0,0,0,191,17,0,0,0,0,0
162878090,0,7,31,2,0,3,5,66,16,0,1,0,0,0
1629830,0,7,30,0,0,3,5,191,17,0,0,0,0,0
1630167,0,4,31,0,62,0,0,191,17,0,0,0,0,1
1633179,0,7,30,0,0,0,0,191,17,0,0,0,0,0
163696803,0,7,31,0,62,22,5,191,17,0,0,0,0,0
164002734,0,0,15,0,0,0,0,66,17,0,0,0,0,0
1640744,0,7,13,0,0,6,4,66,17,0,0,0,0,0
1641452,0,6,31,2,0,0,0,191,21,0,0,0,0,0
1643138,0,7,33,0,0,5,5,66,1,0,0,0,0,0
1643349,0,6,31,2,0,0,0,66,1,0,0,0,0,0
1648254,0,4,31,3,62,16,0,66,8,1,0,0,0,0
165099707,0,7,30,2,0,3,5,191,16,0,0,0,0,0
1655935,0,4,31,0,62,0,4,209,10,0,0,0,0,0
165621647,0,9,31,0,0,0,0,191,17,0,0,0,0,0
1656601,0,6,20,0,0,0,0,66,1,0,0,0,0,0
165776436,0,7,31,8,45,6,0,191,15,0,1,1,0,0
165968354,0,0,1,0,0,0,5,14,17,0,0,0,0,0
1659850,0,7,33,2,0,0,0,66,1,0,0,0,0,0
166007515,0,5,31,2,0,0,4,66,1,0,0,0,0,0
1660833,0,7,31,0,0,0,0,191,16,0,0,0,0,0
1662395,0,0,31,3,0,0,0,66,10,0,0,0,0,0
1663733,45,8,22,2,0,0,0,191,17,0,0,0,0,0
1664373,0,4,31,0,0,3,4,66,10,0,0,0,0,0
166780307,0,8,31,0,0,0,0,191,17,0,0,0,0,0
1668065,0,7,30,3,0,0,4,66,10,0,0,0,0,0
1668551,0,0,17,0,0,22,0,66,17,0,0,0,0,0
1669803,0,0,20,0,0,0,4,191,16,0,0,0,0,0
1671648,0,7,31,0,0,0,0,191,15,0,0,0,0,0
1672214,0,8,31,2,0,0,0,66,1,0,0,0,0,0
167333165,0,7,27,0,62,5,0,78,8,0,0,0,1,0
1674695,0,4,31,0,62,5,4,191,10,0,0,0,0,0
1677837,0,7,13,0,0,0,0,191,16,0,0,0,0,0
1677896,0,9,31,0,0,0,0,191,10,0,0,0,0,0
16810704,0,8,31,2,0,3,0,191,17,0,0,0,0,0
1682715,0,4,27,0,0,5,0,66,8,0,0,1,0,0
168489488,0,5,31,0,0,5,0,209,10,0,0,1,0,0
1685319,0,7,31,0,0,0,0,191,15,0,0,0,0,0
1695101,0,0,31,0,0,0,0,66,8,0,0,0,0,0
169522737,0,0,31,0,0,0,4,191,16,0,0,0,0,0
1695291,0,7,31,0,0,3,4,191,17,0,0,0,0,0
1697217,0,6,31,3,0,3,4,191,21,0,0,0,0,0
1700195,0,0,31,3,0,0,4,66,10,0,0,0,0,0
1703545,0,7,22,0,0,3,0,191,15,0,0,0,0,0
1706612,0,4,17,0,62,0,0,14,17,0,0,0,0,0
170697,160,7,33,3,0,3,4,66,8,0,0,0,0,0
1714313,0,7,31,3,0,3,4,191,8,0,0,0,0,0
1716282,0,8,31,0,0,0,0,191,1,0,0,0,0,0
1718159,0,6,31,0,0,0,0,229,15,0,0,0,0,0
1719469,0,7,30,0,0,20,4,191,17,0,0,0,0,0
1722050,0,7,31,0,13,0,4,191,10,0,0,0,0,0
1723469,0,0,31,0,0,0,4,191,15,0,0,0,0,0
172383107,0,4,31,0,0,0,4,66,1,0,0,0,0,0
1725672,0,7,30,0,0,20,0,191,17,0,0,0,0,0
1727525,0,0,3,0,0,0,0,66,3,0,0,0,0,0
1732220,0,7,30,0,0,12,0,191,1,0,0,0,0,0
1732339,0,4,31,0,62,0,0,191,10,0,0,0,0,0
1732840,0,8,31,0,0,0,0,66,17,0,0,0,0,0
1734007,0,7,4,0,0,5,0,209,10,1,0,0,0,0
1735815,0,7,30,0,0,3,4,191,16,0,0,0,0,0
1737054,0,7,31,0,0,0,4,66,21,0,0,0,0,0
1738256,0,6,31,0,0,0,0,14,17,0,0,0,0,0
1738333,0,8,22,0,0,0,0,66,6,0,0,0,0,0
1741822,0,4,1,0,0,0,4,191,17,0,0,0,0,0
1741949,0,6,2,0,0,0,0,66,17,0,0,0,0,0
1742704,0,7,20,0,0,3,0,191,8,0,0,0,0,0
1747577,0,7,13,2,0,3,0,191,16,0,0,0,0,0
1747781,0,4,31,0,3,5,4,191,17,1,0,0,0,0
174974,0,7,13,14,0,3,0,191,21,0,0,0,0,0
1750914,0,7,31,0,0,0,0,191,1,0,0,0,0,0
175175391,19,7,31,0,62,22,4,191,21,0,0,0,0,0
175238601,178,6,31,0,62,5,4,66,8,1,0,0,0,0
1752565,0,6,33,0,0,0,0,191,21,0,0,0,0,0
1754074,0,4,4,0,0,5,4,191,8,1,0,0,0,0
175829,0,8,24,0,0,0,8,66,17,0,0,0,0,0
176039345,0,7,31,0,0,0,0,191,6,0,0,0,0,0
176122260,0,6,13,0,0,0,4,66,1,0,0,0,0,0
1763149,0,0,31,0,0,0,4,66,10,0,0,0,0,0
1763592,0,6,3,0,0,0,0,101,3,0,0,0,0,0
176508424,0,7,31,0,0,5,0,209,10,1,0,0,0,0
1765871,0,7,20,0,0,0,4,191,21,0,0,0,0,0
1766147,0,7,30,0,45,3,3,191,16,0,0,0,0,0
1766312,0,4,31,0,0,0,0,191,17,0,0,1,0,0
1767393,0,0,2,0,0,0,4,191,1,0,0,0,0,0
1771122,0,0,2,0,0,22,0,191,21,0,0,0,0,0
1771435,0,0,31,0,0,0,0,66,1,0,0,0,0,0
1771880,0,4,31,0,38,0,4,191,17,0,0,0,0,0
17789938,0,4,31,0,62,0,0,66,10,0,1,1,0,0
178445,0,7,31,0,0,3,4,191,17,0,0,0,0,0
179477870,0,6,31,2,0,0,0,191,1,0,0,0,0,0
179794777,0,7,13,0,0,0,4,191,1,0,0,0,0,0
179814250,0,4,27,0,19,0,4,209,10,0,0,0,0,0
1798615,0,0,33,0,0,0,0,14,17,0,0,0,0,0
1799441,0,0,14,0,0,0,0,66,17,0,0,0,0,0
1802196,0,9,24,0,0,0,4,191,1,0,0,0,0,0
1805387,0,0,31,0,0,3,4,191,17,0,0,0,0,0
1806604,0,4,31,0,3,0,0,209,10,0,0,0,0,0
180850491,0,0,33,0,0,0,4,66,2,0,0,0,0,0
181033,0,7,30,0,0,0,4,66,1,0,0,0,0,0
1813801,0,7,31,3,0,3,4,191,3,0,0,0,0,0
181459283,0,7,31,2,0,3,5,66,16,0,1,0,0,0
1815080,0,0,31,0,0,0,0,191,6,0,0,0,0,0
181654439,0,8,17,0,10,3,0,14,17,0,0,0,0,0
1817694,0,8,31,2,0,0,0,191,21,0,0,0,0,0
1822024,0,7,31,0,0,0,0,191,17,0,0,0,0,0
1830927,0,7,33,3,0,6,4,191,1,0,0,0,0,0
1831036,0,7,33,0,39,2,5,191,17,0,0,0,0,0
1831078,0,0,31,0,0,0,4,191,0,0,0,0,0,0
183120061,0,0,3,0,0,0,0,66,21,0,0,0,0,0
183600564,0,6,31,3,0,0,4,66,8,0,1,0,0,0
1836621,0,4,31,0,0,0,4,159,3,0,0,0,0,0
183717026,0,0,0,0,0,0,0,66,0,0,0,0,0,0
183868316,19,0,30,0,0,0,0,191,21,0,0,0,0,0
183984262,0,4,31,0,0,16,0,191,8,1,0,1,0,0
1844910,0,7,30,0,0,0,0,191,1,0,0,0,0,0
184660633,0,7,31,0,0,3,0,191,1,0,0,0,0,0
1847057,0,7,31,0,0,0,0,66,21,0,0,0,0,0
1850663,0,4,27,0,0,0,4,14,10,0,0,0,0,0
18546,0,6,24,0,0,0,0,66,10,0,0,0,0,0
1856009,0,0,0,0,0,0,0,12,0,0,0,0,0,0
1857950,0,7,30,0,0,20,8,191,16,0,0,0,0,0
1861080,0,7,3,0,0,0,0,66,4,0,0,0,0,0
1866073,0,6,3,0,0,0,4,191,17,0,0,0,0,0
1867924,0,0,2,0,0,0,0,66,17,0,0,0,0,0
1869228,0,6,31,2,0,0,0,12,1,0,0,0,0,0
1869992,0,7,31,0,0,0,0,191,17,0,0,0,0,0
1874558,0,4,31,0,62,22,0,191,1,0,0,0,0,0
187501619,0,4,11,0,0,3,0,66,17,0,0,0,0,0
1876565,0,0,30,0,0,0,4,66,16,0,0,0,0,0
187706,0,6,31,0,0,0,0,191,8,0,0,0,0,0
1877462,0,7,31,0,0,0,4,191,16,0,0,0,0,0
1877641,0,0,33,0,0,0,4,66,17,0,0,0,0,0
1877956,0,0,31,0,0,0,0,66,0,0,0,0,0,0
1878548,0,8,13,0,0,0,8,66,17,0,0,0,0,0
1881313,0,7,31,0,0,0,5,191,10,0,0,0,0,0
1882267,0,8,22,2,0,3,0,66,1,0,0,0,0,0
188348,0,7,17,0,0,3,0,191,16,0,0,0,0,0
1883538,0,4,31,0,62,0,0,191,17,0,0,0,0,0
188357431,0,7,2,0,0,22,4,191,21,0,0,0,0,0
188429772,0,0,3,0,0,0,0,297,16,0,0,0,0,0
1885635,0,7,33,0,0,0,0,191,16,0,0,0,0,0
1887773,0,7,31,0,0,5,4,191,17,1,0,0,0,0
188958994,0,7,31,0,0,3,0,16,21,0,0,0,0,0
1890740,0,0,30,0,0,0,0,83,16,0,0,0,0,0
1890994,0,0,30,0,0,0,4,191,21,0,0,0,0,0
1891895,0,4,31,0,0,0,4,59,1,0,0,0,0,0
189337794,0,5,26,0,39,5,0,191,8,0,0,0,0,0
1899039,0,7,31,0,0,5,0,191,1,1,0,0,0,0
189907,0,7,31,3,62,0,0,16,17,0,0,0,0,0
1900118,0,0,30,0,0,0,0,191,17,0,0,0,0,0
1901943,0,0,31,3,0,0,4,66,21,0,0,0,0,0
190196010,0,0,0,0,0,0,0,200,0,0,0,0,0,0
1902038,0,7,13,2,0,6,0,191,17,0,0,0,0,0
1903089,0,7,2,0,0,0,4,66,8,0,0,0,0,0
1905157,0,5,31,1,0,0,0,191,10,0,1,1,0,0
1907642,0,7,31,0,0,22,0,191,1,0,0,0,0,0
1907957,0,8,31,3,0,0,0,191,17,0,0,0,0,0
1911637,0,6,31,0,0,0,0,66,17,0,0,0,0,0
1916388,0,7,31,3,0,0,4,66,21,0,0,0,0,0
191721813,0,7,31,8,62,22,4,191,21,1,1,0,0,0
191907197,0,4,17,0,62,0,0,209,10,0,0,0,0,0
1919561,0,0,31,0,0,0,0,66,1,0,0,0,0,0
1920837,0,8,20,0,0,0,0,66,17,0,0,0,0,0
1923487,0,0,31,0,0,0,4,83,16,0,0,0,0,0
1926500,0,8,31,0,0,0,0,191,1,0,0,0,0,0
19267666,0,4,31,0,62,5,4,66,10,0,1,1,0,0
1928398,0,4,2,0,0,0,0,140,0,0,0,0,0,0
192914986,0,0,0,0,0,0,0,66,15,0,0,0,0,0
1938230,0,6,31,0,0,0,0,66,21,0,0,0,0,0
1938862,0,4,5,2,0,0,0,191,17,0,0,0,0,0
1939993,0,7,30,0,0,3,6,191,1,0,0,0,0,0
1940266,0,4,30,0,0,0,4,66,21,0,0,0,0,0
194456776,0,7,17,0,0,0,4,191,8,0,0,0,0,0
1947054,0,6,13,3,0,0,0,66,17,0,0,0,0,0
1951505,0,7,17,0,0,3,0,66,10,0,0,0,0,0
1954356,0,7,31,3,0,3,0,191,17,0,0,0,0,0
1956673,0,8,31,0,0,0,0,191,17,0,0,0,0,0
1959866,0,7,13,3,45,0,0,66,17,0,0,0,0,0
195994,0,6,20,0,0,0,0,66,17,0,0,0,0,0
1960330,0,8,31,0,0,20,4,191,21,0,0,0,0,0
1960340,0,7,31,0,0,0,4,66,4,0,0,0,0,0
1961394,0,4,31,2,0,0,0,12,1,0,0,0,0,0
1963322,0,7,31,0,0,5,4,191,16,1,0,0,0,0
1965204,0,4,31,0,0,0,0,66,10,0,0,0,0,0
1965879,98,7,27,0,0,5,4,78,8,1,0,1,0,0
1967742,0,4,27,0,62,5,4,191,10,1,0,0,0,1
1969682,0,7,31,0,0,3,8,191,17,0,0,0,0,0
1979794,0,0,31,3,0,0,4,66,16,0,0,0,0,0
1981010,0,9,30,3,0,0,0,191,21,0,0,0,0,0
1986616,67,7,22,0,0,0,0,66,17,0,0,0,0,0
1986966,0,6,20,3,0,0,0,66,1,0,0,0,0,0
198827109,0,0,31,0,0,19,0,14,17,0,0,0,0,0
1988625,0,0,31,0,0,0,0,66,17,0,0,0,0,0
1988649,0,9,33,0,0,0,4,66,8,0,0,0,0,0
1989264,108,5,31,0,0,0,4,66,0,0,0,0,0,0
1991497,0,5,17,0,0,0,4,66,1,0,0,0,0,0
199908142,0,7,31,0,0,3,4,66,17,0,0,0,0,0
1999324,0,5,30,0,0,0,4,191,3,0,0,0,0,0
1999671,0,7,31,0,0,0,0,191,21,0,0,0,0,0
199977,0,0,2,0,0,0,0,191,15,0,0,0,0,0
20356733,0,0,11,0,0,0,0,191,16,0,0,0,0,0
2044127,0,0,0,0,39,0,0,14,17,0,0,0,0,0
204742,0,7,31,0,0,0,4,191,3,0,0,0,0,0
206804,0,9,31,0,0,0,0,191,3,0,0,0,0,0
211970,0,7,3,0,0,0,0,66,3,0,0,0,0,0
212274,0,9,31,0,0,0,0,83,6,0,0,0,0,0
213382,0,0,30,0,0,0,0,191,0,0,0,0,0,0
21369704,0,7,31,0,0,0,4,12,17,0,0,0,0,0
214713,0,7,17,0,0,0,0,66,21,0,0,0,0,0
220229,0,7,4,0,0,6,0,66,20,0,0,0,0,0
222788,0,6,17,0,39,0,0,191,17,0,0,0,0,0
223504,0,7,13,0,0,3,5,191,16,0,0,0,0,0
224777,0,0,2,0,0,0,0,191,6,0,0,0,0,0
227988,0,6,20,0,0,0,0,66,1,0,0,0,0,0
231341,0,6,31,0,0,0,4,297,1,0,0,0,0,0
23402471,0,6,31,0,0,0,4,16,17,0,0,0,0,0
23954109,0,0,0,0,0,0,0,0,0,0,0,0,0,0
241970,0,8,17,0,0,0,0,66,17,0,0,0,0,0
243002,0,7,13,0,0,6,0,191,17,0,0,0,0,0
246887,67,4,20,0,0,0,0,209,10,0,0,0,0,0
248715,0,0,2,0,0,0,0,12,0,0,0,0,0,0
249589,0,7,2,0,62,3,0,66,15,0,0,0,0,0
256224,0,4,31,0,0,0,4,191,10,0,0,0,0,0
257876,0,7,13,2,38,3,7,191,1,0,0,0,0,0
258508,0,7,31,0,0,0,0,191,16,0,0,0,0,0
261992,0,5,30,0,0,0,0,107,15,0,0,0,0,0
263884,0,4,22,0,0,0,0,191,21,0,0,0,0,0
264657,114,0,3,0,0,0,0,66,15,0,0,0,0,0
2671204,0,7,31,0,0,0,4,66,17,0,0,0,0,0
26718353,0,0,31,0,0,0,0,200,21,0,0,0,0,0
268937,0,7,22,0,0,0,0,191,17,0,0,0,0,0
271216,108,4,31,2,0,0,0,12,1,0,0,0,0,0
27152913,0,4,31,0,62,0,4,209,10,0,0,0,0,1
275246,0,4,31,0,0,0,0,191,1,0,0,0,0,0
27773000,0,6,31,2,0,0,4,66,8,0,0,0,0,0
279427,0,9,31,0,0,0,4,66,6,0,0,0,0,0
279466,0,6,2,0,0,3,4,78,8,0,0,0,0,0
280042,0,4,31,2,3,0,0,14,17,0,0,0,0,0
280485,0,6,31,0,0,0,4,66,10,0,0,0,0,0
280498,0,7,31,0,0,3,4,191,16,0,0,0,0,0
281850,0,0,30,0,0,0,0,191,17,0,0,0,0,0
28356393,0,7,31,3,0,0,0,66,21,0,0,0,0,0
288525,0,0,31,3,0,0,4,209,10,0,0,0,0,0
29023706,0,8,3,0,0,0,0,229,3,0,0,0,0,0
290385,0,0,3,0,0,0,0,101,17,0,0,0,0,0
290962,0,7,33,0,0,0,0,191,1,0,0,0,0,0
292146,0,4,2,0,62,0,4,140,1,0,0,0,0,0
292286,0,7,31,0,0,3,0,191,16,0,0,0,0,0
292442,0,0,31,0,0,0,0,191,15,0,0,0,0,0
293197,0,0,31,0,0,0,0,208,15,0,0,0,0,0
296025,0,0,31,0,0,12,0,191,3,0,0,0,0,0
30319311,0,0,20,0,0,0,0,208,17,0,0,0,0,0
306336,0,6,22,0,0,0,0,12,17,0,0,0,0,0
306833,0,7,31,0,0,22,0,191,17,0,0,0,0,0
307021,0,7,30,0,0,0,4,191,1,0,0,0,0,0
309271,0,7,13,0,0,0,0,66,1,0,0,0,0,0
309307,0,6,31,0,0,0,4,101,10,0,0,0,0,0
309541,0,7,13,0,0,0,4,66,1,0,0,0,0,0
310087,0,0,24,0,0,0,0,83,16,0,0,0,0,0
3111930,0,0,3,0,0,0,0,66,16,0,0,0,0,0
31239895,0,0,31,0,0,0,0,24,2,0,0,0,0,0
314044,0,7,31,0,0,0,0,191,16,0,0,0,0,0
315432,0,7,30,0,0,0,0,66,17,0,0,0,0,0
315836,0,7,27,0,62,5,0,191,8,1,0,0,0,0
31621011,0,7,31,0,0,0,4,191,1,0,0,0,0,0
317172,59,6,2,0,0,0,0,66,17,0,0,0,0,0
3173546,0,4,31,0,62,5,5,191,17,1,0,0,0,0
317554,0,4,31,0,0,12,4,191,15,0,0,0,0,0
323576,0,7,31,0,0,0,0,191,17,0,0,0,0,0
328927,0,7,13,0,0,3,0,191,16,0,0,0,0,0
329158,0,7,31,2,0,3,0,14,17,0,0,0,0,0
330608,0,7,22,0,0,3,0,66,1,0,0,0,0,0
331232,0,7,4,0,0,5,0,191,17,1,0,0,0,0
33136745,0,4,27,0,62,0,0,14,1,0,0,0,0,0
33194727,0,4,31,1,0,5,4,209,10,1,1,1,0,0
332955,0,7,31,3,0,3,0,191,10,0,0,0,0,0
334293,0,7,31,0,0,3,0,191,16,0,0,0,0,0
338008,0,7,30,0,0,0,4,191,3,0,0,0,0,0
338115,0,0,2,2,0,0,0,66,17,0,0,0,0,0
341560,0,1,17,0,0,0,0,191,2,0,0,0,0,0
342903,0,6,31,0,0,0,0,66,1,0,0,0,0,0
344644,0,9,17,0,0,0,0,14,15,0,0,0,0,0
347224,0,0,31,0,0,0,0,66,0,0,0,0,0,0
350457,0,6,33,0,0,0,0,66,0,0,0,0,0,0
350628,0,0,31,0,0,0,0,66,0,0,0,0,0,0
350976,150,0,17,0,0,0,0,297,17,0,0,0,0,0
353578,0,0,31,0,0,0,0,83,16,0,0,0,0,0
353751,0,7,17,3,0,0,0,66,10,0,0,0,0,0
354829,150,7,31,0,0,0,0,191,6,0,0,0,0,0
357132,0,0,31,0,0,0,0,66,3,0,0,0,0,0
363089,0,0,31,0,0,0,0,14,20,0,0,0,0,0
368264,0,4,5,0,3,0,0,191,17,0,0,0,0,0
36875,0,0,22,0,0,0,0,66,17,0,0,0,0,0
36937,0,4,31,0,0,0,0,191,0,0,0,0,0,0
371933,0,7,33,0,0,0,4,66,21,0,0,0,0,0
374340,0,5,31,2,0,0,0,66,1,0,0,0,0,0
37494799,0,7,31,0,0,0,0,191,21,0,0,0,0,0
37721629,0,6,22,0,0,0,0,12,17,0,0,0,0,0
377266,0,5,31,0,0,5,0,191,1,1,0,0,0,0
379222,0,0,31,0,0,0,0,66,21,0,0,0,0,0
37934,0,7,31,3,0,0,4,66,17,0,0,0,0,0
37963,0,6,31,0,0,0,0,191,16,0,0,0,0,0
37987,0,4,31,0,0,0,4,66,16,0,0,0,0,0
380655,0,0,31,0,0,0,0,66,17,0,0,0,0,0
382721,0,7,31,0,0,0,4,191,21,0,0,0,0,0
383397,0,7,27,2,0,5,0,191,21,1,0,0,0,0
3849421,0,5,31,6,42,5,0,191,1,1,0,1,0,0
386457,0,5,22,0,0,0,0,66,17,0,0,0,0,0
38764718,7,4,31,1,0,5,0,66,17,0,1,1,0,0
39169380,0,7,31,0,0,5,5,191,8,1,0,0,0,0
391843,0,7,31,0,0,0,4,191,21,0,0,0,0,0
39217891,0,4,17,0,62,0,5,66,1,0,0,0,0,0
396205,0,7,3,0,0,0,4,66,17,0,0,0,0,0
39679,0,7,31,0,0,0,4,191,6,0,0,0,0,0
399708,0,8,31,0,0,0,0,191,1,0,0,0,0,0
403501,0,5,31,0,0,0,4,191,2,0,0,0,0,0
40533940,0,7,31,2,0,0,0,66,10,0,0,0,0,0
407511,0,0,31,0,0,0,0,101,6,0,0,0,0,0
40753175,0,6,22,0,0,22,4,191,1,0,0,0,0,0
410114,108,0,3,0,0,0,4,14,20,0,0,0,0,0
414792,0,7,13,0,0,0,0,66,16,0,0,0,0,0
415294,0,4,27,0,0,0,0,209,10,0,0,0,0,0
41554823,0,6,3,0,0,0,5,191,21,0,0,0,0,0
421030,0,7,31,0,0,0,4,66,17,0,0,0,0,0
422732,108,5,31,0,0,5,0,191,17,1,0,0,0,0
42294818,0,5,17,0,0,0,0,209,10,0,0,0,0,0
42299665,0,0,31,0,0,0,4,83,16,0,0,0,0,0
42355707,0,7,31,0,0,3,0,191,21,0,0,0,0,0
424874,0,7,30,0,0,3,0,191,2,0,0,0,0,0
425153,0,0,31,0,0,0,4,191,21,0,0,0,0,0
429924,0,0,31,0,0,0,0,66,1,0,0,0,0,0
43335747,0,7,31,0,62,3,4,191,1,0,0,0,1,0
4354,0,7,30,0,0,0,0,191,16,0,0,0,0,0
435765,0,8,22,0,0,0,4,66,1,0,0,0,0,0
437533,0,0,31,0,0,0,4,191,17,0,0,0,0,0
442517,0,6,31,0,0,0,4,208,1,0,0,0,0,0
44410582,0,4,31,0,0,0,4,191,8,0,1,0,0,0
444303,0,6,30,0,0,0,0,66,10,0,0,0,0,0
444914,0,4,30,0,0,5,0,191,17,1,0,1,0,0
446174,0,0,31,0,0,7,4,191,17,0,0,0,0,0
44641638,0,0,33,0,0,0,0,200,0,0,0,0,0,0
446828,0,4,17,0,39,0,0,191,1,0,0,0,0,0
450219,0,0,31,0,0,0,0,66,3,0,0,0,0,0
452434,0,6,2,0,0,0,0,191,17,0,0,0,0,0
453977,0,6,31,3,0,3,0,191,1,0,0,0,0,0
455122,0,6,31,0,0,0,4,191,17,0,0,0,0,0
456839,0,7,30,3,0,0,5,191,16,0,0,0,0,0
458739,0,0,31,0,0,0,0,66,17,0,0,0,0,0
465681,0,0,31,0,0,0,0,101,1,0,0,0,0,0
467194,0,8,22,0,13,21,9,191,21,0,0,0,0,0
468834,0,7,31,0,0,0,0,191,21,0,0,0,0,0
471272,139,7,30,0,0,0,4,191,21,0,0,0,0,0
47391891,0,0,24,0,0,6,0,66,2,0,0,0,0,0
474885,0,7,31,0,62,5,0,66,17,1,0,0,0,0
476474,0,8,31,0,0,0,5,191,17,0,0,0,0,0
477104,0,4,22,0,0,0,0,191,1,0,0,0,0,0
477313,0,7,30,2,0,22,8,191,21,0,0,0,0,0
47808634,0,7,2,0,0,22,4,66,1,0,0,0,0,0
48216667,0,4,31,0,62,3,4,209,17,0,0,0,0,0
483734,0,7,31,0,0,0,0,66,17,0,0,0,0,0
483899,0,5,31,0,0,0,0,191,1,0,0,0,0,0
486081,0,7,13,0,0,0,4,66,17,0,0,0,0,0
487303,0,4,17,2,0,5,4,78,8,1,0,0,0,0
491934,0,0,2,0,0,0,0,191,21,0,0,0,0,0
492853,0,0,31,0,0,0,0,191,2,0,0,0,0,0
494408,0,0,13,0,0,0,0,66,17,0,0,0,0,0
49480,108,7,31,0,0,0,0,66,10,0,0,0,0,0
499867,0,7,30,0,0,0,7,191,17,0,0,0,0,0
50089303,0,0,11,0,0,0,0,14,1,0,0,0,0,0
501542,0,6,31,0,0,0,4,66,16,0,0,0,0,0
507033,0,4,31,0,62,3,4,191,17,0,0,0,0,0
508915,0,4,27,3,0,0,4,191,10,0,0,0,0,0
509065,0,5,30,0,0,0,0,191,17,0,0,0,0,0
5114588,0,7,31,3,0,0,4,66,17,0,0,0,0,0
511635,0,6,31,0,0,0,4,54,1,0,0,0,0,0
511784,0,0,22,0,0,0,0,297,16,0,0,0,0,0
511928,0,0,3,0,0,0,0,12,20,0,0,0,0,0
512761,0,7,30,0,0,3,5,191,1,0,0,0,0,0
513801,0,7,30,0,0,3,0,191,16,0,0,0,0,0
514077,0,7,30,0,0,0,7,191,1,0,0,0,0,0
514933,0,4,2,0,62,3,0,14,17,0,0,0,0,0
51545606,0,7,31,2,62,5,4,191,10,1,0,0,0,0
51689837,0,0,31,0,0,0,4,66,21,0,0,0,0,0
5192,0,6,33,3,0,0,0,66,17,0,0,0,0,0
52129591,0,7,31,0,0,3,3,209,10,0,0,0,0,0
524871,0,0,2,0,0,3,4,191,2,0,0,0,0,0
525017,0,7,30,0,0,0,0,191,1,0,0,0,0,0
528391,0,4,17,0,62,3,0,78,8,0,0,0,0,0
529229,0,0,17,0,0,0,0,66,17,0,0,0,0,0
529384,0,4,27,0,0,0,0,191,17,0,0,0,0,0
53080,0,9,31,0,0,0,0,191,21,0,0,0,0,0
5398766,0,7,17,0,39,0,0,209,10,0,0,0,0,0
540642,0,5,2,0,0,0,0,191,16,0,0,0,0,0
54865315,0,0,20,0,0,0,0,297,17,0,0,0,0,0
54995969,179,6,13,0,0,0,0,297,17,0,0,0,0,0
55517912,0,3,31,2,0,0,4,191,17,0,0,0,0,0
557368,0,3,31,0,0,0,4,66,3,0,0,0,0,0
557776,0,4,30,0,0,0,5,191,16,0,0,0,0,0
56087922,0,7,2,0,0,0,0,14,17,0,0,0,0,0
565540,0,4,31,0,62,5,0,191,10,1,0,0,0,0
565788,0,5,31,0,10,5,4,191,1,1,0,0,0,0
574884,0,0,31,0,0,3,4,66,17,0,0,0,0,0
57555980,0,4,4,0,62,5,0,191,17,1,0,0,0,0
576454,0,7,31,0,10,5,4,191,8,1,0,1,0,0
57798471,0,7,31,8,62,5,4,191,1,0,1,0,0,0
579822,0,0,31,0,0,0,4,66,3,0,0,0,0,0
58263027,0,7,30,0,0,0,0,191,17,0,0,0,0,0
582634,0,5,27,0,0,5,4,209,10,1,0,0,0,0
584252,0,7,1,0,0,0,0,209,10,0,0,0,0,0
584977,0,7,30,0,0,22,0,191,17,0,0,0,0,0
585040,0,4,3,0,0,0,4,66,3,0,0,0,0,0
585219,0,7,4,0,0,5,0,191,8,1,0,0,0,0
588099,0,6,22,0,0,0,4,66,1,0,0,0,0,0
590022,0,0,17,0,0,0,0,66,1,0,0,0,0,0
591481,0,7,31,0,0,0,0,191,17,0,0,0,0,0
594383,0,7,30,0,0,3,0,191,17,0,0,0,0,0
600280,0,5,31,0,0,0,0,66,17,0,0,0,0,0
603848,0,7,4,0,0,5,0,191,8,1,0,0,0,0
605322,0,0,20,0,0,0,0,209,10,0,0,0,0,0
60799,0,7,30,0,0,3,4,191,21,0,0,0,0,0
611025,0,7,22,0,62,0,0,66,1,0,0,0,0,0
612964,0,7,30,0,0,22,0,191,21,0,0,0,0,0
6137338,0,6,31,0,0,0,0,66,10,0,0,1,0,0
614536,0,4,31,0,62,0,0,209,10,0,0,0,0,0
614998,0,6,17,0,0,0,0,191,17,0,0,0,0,0
615459,0,7,27,0,0,3,4,191,10,1,0,0,0,0
617044,0,6,31,0,0,0,4,191,21,0,0,0,0,0
617728,0,0,31,0,0,0,0,14,15,0,0,0,0,0
619152,0,7,13,0,0,0,0,191,3,0,0,0,0,0
620033,0,8,3,0,0,0,0,191,17,0,0,0,0,0
620904,0,0,31,0,0,3,0,14,3,0,0,0,0,0
623061,0,7,31,0,0,0,4,191,21,0,0,0,0,0
623494,0,4,31,0,0,0,4,66,17,0,0,0,0,0
625240,0,7,4,0,0,5,0,209,10,1,0,0,0,0
627069,0,0,22,0,0,0,4,66,1,0,0,0,0,0
629330,0,0,3,0,0,0,5,14,17,0,0,0,0,0
62991042,0,0,20,0,0,0,4,66,8,0,0,0,0,0
630125,0,7,17,0,0,0,4,66,16,0,0,0,0,0
63283859,0,7,30,2,0,0,4,66,10,0,0,0,0,0
633111,0,0,20,0,0,0,0,83,6,0,0,0,0,0
634059,0,7,2,0,0,0,0,66,10,0,0,0,0,0
634160,0,6,30,0,0,0,7,191,1,0,0,0,0,0
634266,0,9,31,0,0,0,4,66,17,0,0,0,0,0
63489929,150,7,30,0,0,2,7,191,1,0,0,0,0,0
639803,0,7,33,0,0,0,0,66,1,0,0,0,0,0
64231867,0,0,31,0,0,0,0,66,17,0,0,0,0,0
64332,0,7,31,0,0,0,4,191,17,0,0,0,0,0
647343,0,7,13,0,0,6,4,191,1,0,0,0,0,0
65151197,0,4,17,0,0,0,4,191,17,0,0,0,0,0
651705,0,7,31,0,0,3,0,83,16,0,0,0,0,0
652828,0,4,27,0,62,5,4,209,10,1,0,0,0,1
65293457,0,5,11,0,0,0,0,289,16,0,0,0,0,0
653417,0,7,30,0,0,0,0,191,21,0,0,0,0,0
6544121,0,7,30,3,0,3,4,191,21,0,0,0,0,0
6547,0,7,30,0,0,3,5,191,21,0,0,0,0,0
657557,0,7,22,0,0,0,4,66,21,0,0,0,0,0
659090,0,0,3,0,0,0,0,66,17,0,0,0,0,0
66104323,0,7,31,0,10,5,4,191,10,1,1,1,0,0
665756,0,7,31,0,0,3,0,191,17,0,0,0,0,0
668225,0,7,31,0,0,0,0,66,16,0,0,0,0,0
67143323,0,6,3,0,0,0,0,14,21,0,0,0,0,0
67255,0,8,31,0,0,5,0,209,10,1,0,0,0,0
672966,0,6,27,0,62,5,4,66,8,1,0,0,0,0
673012,0,7,13,0,0,3,5,66,16,0,0,0,0,0
678038,0,8,31,0,0,3,4,191,17,0,0,0,0,0
67892682,0,4,4,0,0,5,0,191,17,1,0,0,0,0
681372,0,6,13,0,0,0,0,191,3,0,0,0,0,0
681713,0,7,33,0,0,0,0,66,16,0,0,0,0,0
681866,0,7,30,0,0,0,4,66,16,0,0,0,0,0
68469,0,6,31,3,0,0,0,66,17,0,0,0,0,0
685234,0,6,3,0,0,0,5,191,17,0,0,0,0,0
686582,0,0,31,0,0,0,0,191,17,0,0,0,0,0
687034,0,4,17,0,0,3,0,191,21,0,0,0,0,0
68799740,0,7,31,0,62,5,0,191,10,1,0,0,0,0
69052901,0,0,31,0,0,0,0,66,17,0,0,0,0,0
691481,0,9,31,0,0,0,0,66,17,0,0,0,0,0
693281,0,0,30,0,0,0,0,66,17,0,0,0,0,0
693363,0,7,17,0,0,0,0,222,8,0,0,0,0,0
693891,0,4,31,0,62,0,0,191,1,0,0,0,0,0
69624144,0,7,31,0,0,0,4,191,1,0,0,0,0,0
699319,0,7,31,0,0,0,4,191,6,0,0,0,0,0
7003391,0,7,31,0,0,12,4,191,17,0,0,0,0,0
70037708,0,7,31,0,0,22,4,191,21,0,0,0,0,0
703764,0,7,13,0,0,0,0,191,2,0,0,0,0,0
70463837,0,7,3,0,0,3,0,66,17,0,0,0,0,0
70487596,0,7,27,0,0,5,4,78,8,0,0,0,0,0
707249,0,7,20,2,0,0,0,14,17,0,0,0,0,0
710165,0,0,27,0,0,5,0,159,6,1,0,0,0,0
712132,0,4,5,0,62,5,0,191,17,1,0,0,0,0
712415,0,4,31,0,0,0,0,66,17,0,1,1,0,0
71315,0,7,3,3,0,0,4,66,17,0,0,0,0,0
713825,0,0,33,0,0,0,0,66,21,0,0,0,0,0
730804,0,7,31,0,0,3,5,191,1,0,0,0,0,0
732612,0,0,30,0,0,0,0,191,2,0,0,0,0,0
733192,0,0,31,0,0,0,0,83,16,0,0,0,0,0
735457,0,7,31,0,0,3,4,191,1,0,0,0,0,0
73583860,0,7,31,0,0,0,0,156,17,0,0,0,0,0
736105,0,8,31,3,0,0,0,12,15,0,0,0,0,0
73767384,0,6,31,0,0,0,5,191,21,0,0,0,0,0
74028,0,7,17,3,0,0,0,66,10,0,0,0,0,0
74061245,0,7,31,2,0,3,5,66,16,0,1,0,0,0
743158,0,6,31,2,0,0,4,66,17,0,0,0,0,0
743328,0,7,11,0,0,0,0,191,17,0,0,0,0,0
74910860,185,7,31,2,0,0,4,66,1,0,0,0,0,0
753224,0,7,33,3,0,5,4,66,1,0,0,0,0,0
75646,0,0,31,0,0,0,5,66,17,0,0,0,0,0
756739,0,8,17,0,0,0,8,191,17,0,0,0,0,0
757639,0,7,31,0,0,0,0,191,16,0,0,0,0,0
759618,0,4,30,3,0,5,0,191,1,1,0,1,0,0
761967,0,7,13,0,0,3,0,191,17,0,0,0,0,0
762055,0,7,4,0,0,5,0,191,1,1,0,0,0,0
762574,0,7,31,0,0,0,4,191,16,0,0,0,0,0
762747,0,9,2,0,0,0,4,66,17,0,0,0,0,0
76636976,0,7,31,1,62,5,4,66,1,1,1,1,0,1
769115,0,7,27,0,62,0,4,209,10,0,0,0,0,0
769926,0,7,27,0,62,14,0,209,10,0,0,0,0,0
774102,0,0,17,0,0,0,0,191,15,0,0,0,0,0
784265,0,4,27,0,0,5,0,140,1,0,0,0,0,0
784749,0,0,31,0,0,0,0,191,15,0,0,0,0,0
789627,0,7,31,0,0,0,4,191,13,0,0,0,0,0
7926018,0,6,31,0,0,0,0,14,17,0,0,0,0,0
79280249,0,7,30,14,0,6,4,191,21,0,0,0,0,0
793348,0,7,31,0,0,0,0,191,17,0,0,0,0,0
793618,0,4,31,0,0,5,0,191,10,0,1,1,0,0
794450,0,8,31,0,0,0,4,66,17,0,0,0,0,0
794815,0,6,19,0,0,0,0,101,6,0,0,0,0,0
794955,0,6,33,0,0,0,0,66,17,0,0,0,0,0
795465,0,0,31,0,0,0,0,191,17,0,0,0,0,0
79561,0,0,17,0,0,22,4,66,21,0,0,0,0,0
800341,0,0,27,0,0,5,0,191,1,1,0,0,0,0
80498353,0,0,20,0,0,0,0,223,16,0,0,0,0,0
805786,0,8,20,0,0,0,0,66,8,0,0,0,0,0
80997184,0,7,30,0,0,6,4,191,1,0,0,0,1,0
810279,0,7,31,0,0,6,5,191,21,1,0,0,0,0
81086651,0,4,31,0,0,0,0,191,17,0,0,0,0,0
816271,0,7,13,0,0,0,7,66,2,0,0,0,0,0
816411,0,4,31,3,0,0,0,191,15,0,0,0,0,0
81716407,0,4,31,0,0,0,0,66,6,0,0,0,0,0
81824666,0,0,0,0,0,0,0,0,0,0,0,0,0,0
819445,0,4,31,0,0,5,0,191,17,0,0,1,0,0
820931,0,0,20,0,0,0,0,12,17,0,0,0,0,0
821579,0,8,17,2,0,0,5,191,17,0,0,0,0,0
82620,0,7,31,0,39,5,4,191,10,0,0,0,0,0
82895350,0,4,31,3,0,0,4,66,1,0,0,0,0,0
832781,67,6,31,0,0,0,0,191,3,0,0,0,0,0
833158,0,7,31,0,0,6,0,191,17,0,0,0,0,0
83406,0,5,31,0,0,0,0,159,6,0,0,0,0,0
83741552,0,4,31,0,45,0,5,191,16,0,0,0,0,0
837614,0,3,30,0,0,0,8,66,1,0,0,0,0,0
838466,0,4,31,0,0,0,0,191,6,0,0,0,0,0
843614,0,7,31,2,0,0,0,66,10,0,0,0,0,0
844819,0,7,31,0,0,0,0,191,15,0,0,0,0,0
849254,0,4,31,0,0,3,0,191,16,0,0,0,0,0
850428,0,0,31,0,0,0,0,66,17,0,0,0,0,0
850597,0,6,31,0,0,0,0,191,17,0,0,0,0,0
850821,0,5,13,0,0,0,0,191,17,0,0,0,0,0
85089691,0,7,4,0,0,5,5,191,10,1,0,0,0,0
85467018,0,7,20,0,0,0,0,66,1,0,0,0,0,0
856194,0,7,1,2,0,0,4,66,17,0,0,0,0,0
857323,0,7,31,0,0,5,4,191,21,1,0,0,0,0
85777093,0,7,31,0,0,5,0,191,1,1,1,1,0,0
858066,0,4,31,0,62,3,4,191,10,1,0,0,0,0
858492,0,4,31,2,62,5,0,14,17,1,0,0,0,0
860600,0,7,31,2,39,5,0,191,10,1,0,0,0,0
861349,0,0,0,0,0,0,0,191,0,0,0,0,0,0
861510,0,0,31,0,0,0,0,66,6,0,0,0,0,0
864375,0,9,31,2,0,3,4,191,21,0,0,0,0,0
865758,0,6,27,1,0,3,0,191,8,0,0,1,0,0
866760,0,3,4,0,0,0,0,101,3,0,0,0,0,0
867423,108,0,31,3,0,0,0,14,17,0,0,0,0,0
86762634,0,6,17,0,0,0,0,66,17,0,0,0,0,0
86904342,0,7,31,0,0,0,4,191,17,0,0,0,0,0
869781,0,7,31,0,0,0,0,191,10,0,0,0,0,0
871220,0,7,33,0,0,3,0,14,17,0,0,0,0,0
873775,0,4,31,0,3,3,0,191,15,0,0,0,0,0
875590,0,7,31,0,0,0,0,191,6,0,0,0,0,0
877389,0,4,20,0,62,0,4,14,17,0,0,0,0,0
877414,0,9,31,2,0,0,4,66,8,0,0,0,0,0
880032,0,4,5,0,0,0,0,66,10,0,0,0,0,0
88087196,0,7,31,0,62,5,0,191,10,1,0,0,0,0
883586,0,6,31,2,0,0,0,66,17,0,0,0,0,0
88397,0,0,31,0,0,0,0,191,0,0,0,0,0,0
885778,0,7,31,0,0,0,0,78,8,0,0,0,0,0
890637,0,7,20,0,0,0,0,83,16,0,0,0,0,0
89164,0,4,27,0,62,0,0,209,10,0,0,0,0,0
891864,0,0,31,0,0,0,4,191,6,0,0,0,0,0
8919089,0,0,31,0,0,0,4,24,3,0,0,0,0,0
893844,0,9,31,0,0,0,0,191,17,0,0,0,0,0
894494,0,7,31,0,0,3,0,191,17,0,0,0,0,0
89564,0,0,31,0,0,0,0,14,17,0,0,0,0,0
896743,0,8,22,2,0,0,0,66,1,0,0,0,0,0
896874,0,0,3,0,0,0,0,14,3,0,0,0,0,0
899181,0,9,2,0,0,3,4,66,1,0,0,0,0,0
899744,0,7,30,0,0,6,0,191,16,0,0,0,0,0
899938,0,9,11,0,0,0,4,191,17,0,0,0,0,0
904832,0,4,27,3,0,0,0,66,10,0,0,0,0,0
907493,0,7,31,0,0,0,0,191,17,0,0,0,0,0
910213,0,7,22,0,62,0,0,191,15,0,0,0,0,0
91088,0,7,2,0,0,22,0,191,21,0,0,0,0,0
911084,0,9,17,0,0,0,0,191,0,0,0,0,0,0
912526,0,7,17,0,0,0,0,66,17,0,0,0,0,0
913118,0,0,31,0,0,0,0,191,0,0,0,0,0,0
91635,0,4,31,0,0,5,0,191,17,0,0,1,0,0
919121,0,7,13,0,0,0,0,191,17,0,0,0,0,0
919241,0,7,31,0,0,0,4,191,21,0,0,0,0,0
91986422,0,7,31,8,49,0,4,191,8,0,1,0,0,0
925897,0,6,31,0,0,0,0,16,21,0,0,0,0,0
928322,108,6,31,0,0,0,4,59,17,0,0,0,0,0
93127,0,7,11,0,0,0,4,66,21,0,0,0,0,0
936398,0,0,31,0,0,0,0,66,6,0,0,0,0,0
936707,0,7,13,0,38,3,5,191,17,0,0,0,0,0
938898,0,6,31,3,0,0,4,66,1,0,0,0,0,0
939624,0,6,31,0,0,0,4,191,0,0,0,0,0,0
941137,0,0,31,0,0,0,0,66,1,0,0,0,0,0
943008,0,8,33,0,0,0,0,66,17,0,0,0,0,0
94514,0,0,31,0,0,26,4,66,1,0,0,0,0,0
946842,0,0,13,0,0,0,4,66,1,0,0,0,0,0
94788795,0,0,15,0,0,0,0,66,16,0,0,0,0,0
950361,0,7,30,3,0,0,4,66,1,0,0,0,0,0
952082,0,6,11,0,0,3,0,66,21,0,0,0,0,0
952963,0,0,31,0,0,3,5,191,21,0,0,0,0,0
952975,0,7,31,3,0,0,0,66,10,0,0,0,0,0
955097,0,4,31,0,62,0,4,66,10,0,0,0,0,0
96002,0,7,31,0,0,0,4,14,17,0,0,0,0,0
962370,0,0,0,0,0,0,0,14,17,0,0,0,0,0
963790,0,7,13,0,0,3,0,191,16,0,0,0,0,0
96706,0,0,31,0,0,0,0,83,16,0,0,0,0,0
968805,0,0,22,0,0,0,0,191,17,0,0,0,0,0
96932,0,0,13,2,0,0,0,66,1,0,0,0,0,0
973363,0,7,30,0,0,3,0,191,3,0,0,0,0,0
977497,0,5,27,0,10,5,4,66,10,1,0,0,0,0
980877,0,7,2,0,62,3,0,66,21,0,0,0,0,0
982330,0,6,31,0,0,0,0,191,17,0,0,0,0,0
98342524,0,0,31,0,0,0,5,191,21,0,0,0,0,0
985842,0,7,31,0,0,3,4,191,17,0,0,0,0,0
98622476,0,0,31,0,0,0,0,247,16,0,0,0,0,0
988645,0,7,2,0,0,0,0,191,17,0,0,0,0,0
992249,0,0,22,0,39,3,0,12,17,0,0,0,0,0
994554,0,7,31,0,0,3,0,191,16,0,0,0,0,0
995861,0,5,31,0,0,0,4,191,3,0,0,0,0,0
99622088,0,7,31,0,62,5,4,191,10,1,0,0,1,0
996328,0,8,31,0,0,3,0,191,17,0,0,0,0,0
996348,0,6,31,0,0,0,5,191,21,0,0,0,0,0
99670896,0,4,31,0,62,5,5,191,10,0,0,1,0,0
997135,0,6,31,0,0,0,5,66,17,0,0,0,0,0
