tid,LAW,INFRINGEMENT,PERSON,NATION/RELIGIOUS/POL_GROUP,GEOGRAPHICAL_LOC,LANGUAGE,LOCATION_STRUCTURE,LOCATION,CONTACTNAME,ORGANIZATION,ORGANIZATION2,GEOGRAPHY2,DATETIME,PERCENT
1566,52476,0,7427,1033,1358,0,16793,24564,0,79988,6235,277,0,0
4354,73493,0,9487,267,1286,44,24815,6268,0,50100,75502,294,0,0
5192,72155,0,10253,41,297,44,4994,12571,0,127202,56200,276,0,0
6547,68185,0,26578,1210,1249,44,24597,20419,0,127202,128644,58,0,0
13352,0,0,0,0,0,0,0,24875,0,128667,0,0,0,0
14349,0,0,0,0,1257,0,0,24489,0,126835,0,277,0,0
18546,26692,0,26514,0,84,0,24901,4709,0,38220,101133,0,0,0
36875,55428,0,1411,0,1257,0,8610,24712,0,128426,128644,277,0,0
36937,43108,0,1945,0,1352,0,24938,24540,0,128370,126885,260,0,0
37934,2407,0,13043,0,1356,0,24815,24576,0,55262,81384,293,0,0
37963,53841,0,20044,87,74,0,24514,24819,0,90478,88610,0,0,0
37987,63119,0,13440,0,1341,44,24651,24959,0,127038,127182,277,0,0
39679,48259,0,33716,0,1280,0,15923,14846,0,49627,58352,277,0,0
49480,19730,0,20326,0,1332,0,20067,24524,0,128162,128371,0,0,0
53080,10317,0,41898,571,1286,0,24161,24815,0,128725,93107,277,0,0
60799,16357,0,14705,465,292,44,24815,6268,0,124126,6861,294,0,0
64332,56308,0,19129,1144,1341,0,24697,24815,0,44697,85477,277,0,0
67255,61712,0,12436,0,1341,0,24956,24959,0,127038,91838,277,0,0
68469,12547,0,2961,0,448,0,24668,24939,0,127249,128162,0,0,0
71315,31313,0,42932,0,1286,0,22894,6178,0,56567,126969,277,0,0
73989,0,1,0,0,1294,0,0,24820,0,127389,0,277,0,0
74028,41795,0,29761,0,1300,0,19452,24847,0,38699,36091,0,0,0
75646,43503,0,29458,0,565,26,24562,20583,0,77369,128130,277,0,0
79561,46089,0,22283,1144,1273,0,24815,24736,0,126702,119816,277,0,0
82620,24478,0,14508,0,1279,0,3366,24919,0,127038,128667,277,0,0
83406,38544,0,34079,0,326,8,22041,16590,0,128426,127328,0,0,0
88397,18417,0,17312,0,1286,0,2502,17205,0,115262,70361,255,0,0
89164,35363,0,39486,874,1273,28,5538,19490,0,128667,127595,277,0,0
89564,638,0,12906,1104,1356,0,24476,24815,0,113390,33771,277,0,0
91088,53260,0,42826,1144,0,0,9502,24815,0,128667,127202,277,0,0
91635,4992,0,31137,0,1341,0,8065,24959,0,127038,127202,277,0,0
93127,53532,0,5763,0,1356,0,24898,20805,0,127202,128609,277,0,0
94514,44565,0,5439,0,565,0,6757,24565,0,128426,128197,0,0,0
96002,24954,0,32672,0,326,8,12259,18591,0,128426,126885,0,0,0
96706,33348,0,19499,0,907,0,5686,24773,0,128162,128081,0,0,0
96932,2735,0,30400,0,1247,0,24428,24815,0,11323,115376,277,0,0
100123,56365,0,28525,0,1310,0,24959,24502,0,127038,44107,0,0,0
102852,21682,0,31598,236,1257,0,24496,24815,0,128426,126605,277,0,0
103561,30735,0,28060,1144,1315,44,24820,16949,0,75064,128549,277,0,0
104377,35539,0,7362,618,1315,44,24512,520,0,96340,128549,277,0,0
117903,0,0,0,0,1286,0,0,24850,0,128426,0,255,0,0
120358,52476,0,15664,1138,1249,44,24512,24540,0,111240,128355,277,0,0
122362,12961,0,10506,0,1086,0,22688,15089,0,128549,63960,0,0,0
126699,227,0,13178,0,0,0,0,0,0,49976,1542,0,0,0
128161,50635,0,27548,1138,1315,0,24773,24668,0,128719,126885,277,0,0
130087,9269,0,34773,0,1341,0,11626,24959,0,127038,128882,0,0,0
130470,60431,0,24034,0,1086,26,20035,24565,0,113528,126816,255,0,0
134913,13952,0,12662,1144,1300,0,21895,1607,0,49976,127673,277,0,0
135809,74371,0,30817,0,1228,0,11059,19824,0,128426,60072,0,0,0
135953,71924,0,28760,0,1277,0,24755,24612,0,64343,3193,277,0,0
136111,0,1,0,0,1341,0,0,24499,0,127038,0,277,0,0
137050,72434,0,1033,0,1304,0,24730,23352,0,108005,126885,277,0,0
138184,5662,0,39190,730,1357,44,24317,922,0,127202,127251,277,0,0
146267,15352,0,35948,0,0,0,11345,18857,0,128426,126992,0,0,0
150473,36684,0,19767,0,0,0,23032,4855,0,128426,126885,0,0,0
152460,25056,0,35111,0,299,44,24161,24815,0,52557,127251,277,0,0
161939,54651,0,577,0,1358,0,24597,24815,0,52623,128162,277,0,0
162420,59039,0,12729,0,0,0,4083,24815,0,128667,127038,277,0,0
170697,33770,0,32946,1064,713,0,6959,18242,0,65189,3442,0,0,0
174974,52476,0,17034,1144,1358,44,24938,24819,0,31827,40538,294,0,0
175829,50085,0,13455,268,625,0,24148,4658,0,111838,13005,0,0,0
178445,15191,0,19129,0,1094,0,19599,20792,0,78818,53127,277,0,0
181033,65795,0,21444,760,1286,0,24815,6268,0,128667,127328,294,0,0
187706,24464,0,25040,0,1358,0,24844,24564,0,50532,124287,277,0,0
188348,9596,0,21289,0,1341,0,13523,7966,0,126633,127038,277,0,0
189907,23286,0,12285,350,1266,44,19428,24878,0,128426,128644,277,0,0
195994,35539,0,16096,0,565,0,6832,18979,0,92369,126885,0,0,0
199977,55586,0,5382,0,0,0,24820,969,0,6685,128162,0,0,0
204742,15352,0,33534,730,1315,44,7011,24773,0,63007,121093,255,0,0
206804,50886,0,27716,0,766,0,24186,24919,0,128426,111139,0,0,0
211970,64564,0,33534,800,1277,44,15863,24512,0,104663,126939,277,0,0
212274,23865,0,28804,0,1358,40,24161,24815,0,79731,128597,277,0,0
213382,76897,0,19672,0,0,0,24847,24540,0,90205,121607,277,0,0
214713,19667,0,34881,730,1311,0,11866,6484,0,128426,126992,277,0,0
220229,22539,0,35173,730,1341,44,24556,24959,0,128356,126605,277,0,0
222788,22711,0,19129,0,1002,0,24562,16508,0,127861,16973,277,0,0
223504,32619,0,1945,424,1293,27,24161,24815,0,35094,36258,277,0,0
224777,41573,0,40526,0,1086,0,19819,15089,0,28615,82357,0,0,0
227988,52476,0,16446,0,1282,0,6508,24561,0,76279,126885,277,0,0
231341,10456,0,8904,0,1286,0,15536,20985,0,25292,51898,277,0,0
241970,75949,0,19129,0,1281,0,10597,6178,0,126969,13879,0,0,0
243002,52512,0,27548,1144,1341,27,24815,6268,0,127906,52304,294,0,0
246887,2791,0,1364,1137,620,0,2041,13345,0,128549,126885,255,0,0
248715,62172,0,20834,0,427,0,24916,2047,0,128426,127861,0,0,0
249589,28813,0,1043,987,1296,0,24712,24769,0,49976,5655,255,0,0
256224,47403,0,26376,11,1281,44,24379,6178,0,127328,126702,0,0,0
257876,64479,0,19942,581,1247,44,4044,24610,0,69759,127433,294,0,0
258508,26634,0,18767,682,1286,0,17211,24514,0,101844,126885,277,0,0
261992,78315,0,9554,51,0,0,8527,24847,0,126969,77993,277,0,0
263884,22944,0,20731,0,1281,0,2007,24614,0,101133,128162,0,0,0
264657,22261,0,31825,1144,1286,0,24161,24815,0,128549,77369,277,0,0
268937,50672,0,33333,756,1341,44,18840,13086,0,128426,127038,294,0,0
271216,44674,0,2961,0,1286,0,24592,5440,0,126702,127251,0,0,0
275246,21128,0,42886,730,1286,0,24565,24773,0,128426,127202,277,0,0
279427,16263,0,5252,0,1352,0,24901,24844,0,128426,127277,0,0,0
279466,29766,0,8407,0,1332,0,14876,3194,0,128609,98563,0,0,0
280042,57357,0,3440,931,1257,42,24769,24712,0,49976,98261,277,0,0
280485,52311,0,13602,0,694,0,24853,17639,0,126992,126885,277,0,0
280498,75144,0,40870,1144,1351,0,24476,24815,0,127038,127202,277,0,0
281850,14974,0,30566,0,1247,0,24514,24773,0,94159,126969,277,0,0
288525,18888,0,9796,0,1304,0,6697,24730,0,117364,126819,270,0,0
290385,0,0,23003,0,0,0,24847,24499,0,128426,128162,0,0,0
290962,9401,0,29469,53,1277,0,24815,24944,0,122994,126885,276,0,0
292146,0,0,3594,1144,0,0,24497,7782,0,128835,127210,177,0,0
292286,58645,0,30974,0,1360,0,24458,24489,0,127328,127597,0,0,0
292442,76106,0,6597,11,1257,0,24712,19785,0,127202,128667,0,0,0
293197,7204,0,29527,0,1257,0,24712,24499,0,128644,126605,0,0,0
296025,10074,0,30174,0,1316,0,5563,24540,0,128371,126885,277,0,0
304538,0,0,0,0,1286,0,0,24426,0,128426,0,277,0,0
306336,43174,0,8625,0,1341,0,24819,18961,0,128549,50810,0,0,0
306833,71614,0,21082,0,0,0,24480,24565,0,91751,50532,267,0,0
307021,41006,0,10344,730,1286,44,13345,24540,0,128426,128667,277,0,0
309271,25809,0,37060,0,0,44,16515,24847,0,126885,127433,260,0,0
309307,10113,0,14563,505,1257,0,24471,24712,0,128426,126969,0,0,0
309541,50385,0,20822,887,1009,0,13136,16212,0,128426,126633,277,0,0
310087,76071,0,36451,1144,1356,0,10278,24610,0,128162,41146,277,0,0
314044,49362,0,33748,0,1289,0,24161,24815,0,128426,65636,277,0,0
315432,14143,0,32052,0,1358,44,22624,24540,0,128162,126885,277,0,0
315836,31150,0,13178,1138,302,0,24815,24978,0,127038,128375,286,0,0
317172,55331,0,12865,0,838,0,24938,23179,0,123247,6723,294,0,0
317554,38078,0,19129,1138,1273,0,23739,24815,0,125243,128478,277,0,0
321682,0,1,0,0,1327,0,0,24815,0,127767,0,277,0,0
323576,35755,0,17603,1210,1300,0,24959,24922,0,75797,126969,260,0,0
328927,68522,0,12631,53,1341,0,6484,24512,0,82112,127433,277,0,0
329158,12507,0,39951,0,1286,0,24751,24820,0,4191,13391,0,0,0
330608,0,1,0,0,1257,0,0,24815,0,128426,0,277,0,0
331232,2882,0,1212,1144,1315,0,1906,10350,0,63608,110097,277,0,0
332955,7528,0,5799,1144,185,44,2578,18542,0,13079,119816,277,0,0
334293,25335,0,9799,267,1286,44,24910,24901,0,128426,50100,277,0,0
338008,62228,0,36112,1144,1356,44,5369,24489,0,126969,29057,294,0,0
338115,19600,0,577,236,1315,0,20610,24651,0,106038,75618,259,0,0
340501,0,0,0,0,1344,0,0,24835,0,128426,0,283,0,0
341560,42812,0,39074,0,915,0,13361,24437,0,127861,96693,259,0,0
342903,5172,0,6217,733,1286,0,24910,24901,0,14151,127739,277,0,0
344644,61479,0,13415,0,1249,0,4709,24864,0,102852,79494,277,0,0
347224,58001,0,28123,0,1358,0,20304,24564,0,17845,10147,0,0,0
350457,59015,0,32899,0,1356,0,24901,24562,0,128741,126885,0,0,0
350628,5179,0,33898,0,628,0,4994,19081,0,128426,64322,0,0,0
350976,75080,0,33534,0,0,0,24815,24597,0,128426,128667,294,0,0
353578,33348,0,31699,0,227,0,5657,24773,0,128162,128370,0,0,0
353751,32099,0,14729,0,1304,0,24730,11940,0,126885,126969,0,0,0
354829,59415,0,5392,0,565,0,24730,24565,0,128426,128197,0,0,0
357132,63382,0,35865,1144,810,0,4374,24820,0,128162,68436,0,0,0
357841,0,1,0,0,1315,0,0,24787,0,126955,0,283,0,0
363089,28575,0,39729,0,0,0,55,24773,0,128162,116411,277,0,0
368264,13914,0,38479,1144,1288,26,24514,15863,0,96534,126885,277,0,0
371933,73514,0,20580,0,1352,0,24592,6178,0,79494,128719,277,0,0
374340,55227,0,38515,0,1154,0,6413,24540,0,121607,56768,0,0,0
374690,0,0,0,0,0,0,0,0,0,127203,0,0,0,0
377266,2704,0,3518,1144,0,44,10747,12792,0,127038,40322,255,0,0
379222,32518,0,36977,0,0,0,3158,24847,0,128549,128478,277,0,0
380655,37386,0,30316,0,1358,0,24819,22956,0,80175,127403,277,0,0
382721,60637,0,34370,269,1283,0,24712,24899,0,31069,55726,255,0,0
383397,64925,0,40526,905,1338,0,24476,24815,0,48312,126885,277,0,0
386457,30024,0,9354,635,1296,0,6992,4204,0,128426,128644,221,0,0
391843,21240,0,8620,11,530,44,24815,24496,0,126885,100992,260,0,0
396205,42333,0,26675,1144,406,44,24524,12685,0,15768,128549,277,0,0
399708,47025,0,2955,1064,1357,0,14728,7966,0,128426,126633,276,0,0
403501,43872,0,39943,0,253,0,4660,24819,0,128609,126992,0,0,0
407511,29337,0,10364,0,0,44,15863,24514,0,126605,126969,276,0,0
410114,10074,0,2961,1068,1341,0,24449,24820,0,56963,126885,0,0,0
414792,60902,0,32118,576,1341,44,7020,6484,0,126885,127433,277,0,0
415294,6260,0,42152,1144,1341,0,24901,24959,0,126714,66836,277,0,0
421030,0,0,0,0,1257,0,0,24498,0,127487,0,277,0,0
422732,5718,0,20544,11,1000,43,5090,24847,0,55307,9695,277,0,0
424874,77966,0,32527,267,1286,44,24476,24815,0,44036,126819,277,0,0
425153,61604,0,38819,1144,1259,0,24564,24713,0,128549,50813,294,0,0
429924,49964,0,5382,0,766,0,24651,4037,0,128426,128667,277,0,0
435765,15352,0,28028,0,1358,0,5563,24540,0,128549,126885,277,0,0
437533,34107,0,16863,730,89,0,1266,24610,0,126633,51903,123,0,0
442517,72790,0,3174,631,1273,0,23087,1921,0,134,22688,269,0,0
444303,47883,0,11738,11,1257,42,20961,21100,0,128426,128644,184,0,0
444914,27953,0,27916,236,1262,44,24860,20985,0,105617,120224,259,0,0
446174,62986,0,19963,0,1341,0,24556,24959,0,115229,91194,277,0,0
446828,28045,0,31598,730,1286,0,10257,24815,0,18891,4239,277,0,0
450219,38591,0,18153,730,1300,0,9705,24922,0,127597,126885,277,0,0
452434,52410,0,14940,0,94,0,24254,4716,0,128426,128667,277,0,0
453977,31888,0,6320,1144,1341,44,24540,23352,0,6962,121671,277,0,0
455122,77100,0,12676,0,1283,44,24899,24815,0,89791,47740,277,0,0
456839,52476,0,18857,1138,1257,44,24769,24712,0,128426,50100,277,0,0
458739,17893,0,15907,0,1330,0,24514,24547,0,42659,128549,294,0,0
465681,2191,0,3177,11,995,0,14844,23792,0,126992,7001,0,0,0
467194,3506,0,3594,1144,1294,0,24899,24916,0,77772,100718,277,0,0
468834,63424,0,40273,11,347,44,13138,18518,0,128162,27410,255,0,0
471272,21682,0,5555,0,1356,44,24597,24815,0,19320,19180,277,0,0
474885,39637,0,577,1144,1341,0,24815,952,0,127261,112456,241,0,0
476474,32927,0,32568,0,0,0,24898,24819,0,102472,128370,277,0,0
477104,2751,0,28621,0,30,0,21617,21465,0,128644,128426,0,0,0
477313,34749,0,28060,1210,1358,44,24833,16949,0,128549,89732,277,0,0
483734,72088,0,41537,0,565,0,24565,24585,0,116542,10937,0,0,0
483899,5365,0,39376,53,1300,0,18979,24922,0,74447,126885,276,0,0
486081,76897,0,15152,0,1315,0,17642,1267,0,92064,71361,277,0,0
487303,24640,0,39047,591,1276,44,24525,24815,0,4381,128718,277,0,0
491934,9434,0,3620,0,0,0,8014,24815,0,128644,127038,277,0,0
492853,15352,0,2050,0,1300,0,24815,24922,0,126817,126885,277,0,0
494408,29075,0,15652,876,1257,0,24847,12529,0,122994,93431,277,0,0
499867,34107,0,37770,1144,1358,0,24540,24499,0,128426,128644,277,0,0
501542,28593,0,36847,0,1351,0,24959,24556,0,19414,126819,291,0,0
507033,60970,0,14005,631,1257,0,24614,24712,0,128069,124512,255,0,0
508915,0,1,0,0,1273,0,0,24736,0,126702,0,277,0,0
509065,63873,0,36667,1064,1247,44,24815,6268,0,19855,14024,294,0,0
511635,56889,0,39658,0,1300,0,24776,24922,0,128426,40930,0,0,0
511784,54097,0,36768,0,1277,0,24562,24612,0,126992,128234,277,0,0
511928,57984,0,21486,0,1300,0,24922,24730,0,128426,128162,0,0,0
512761,66411,0,10880,1144,1358,43,17967,24489,0,72208,38949,277,0,0
513801,77109,0,28978,1144,1360,44,24815,6268,0,128426,126992,294,0,0
514077,30412,0,32652,330,995,0,22379,24489,0,128162,127772,260,0,0
514933,29437,0,577,1144,1286,0,24970,24815,0,127999,89162,277,0,0
524871,17410,0,2916,0,1341,0,24562,24959,0,127861,96693,277,0,0
525017,50,0,26633,315,1168,0,24901,13658,0,128667,79142,0,0,0
528391,26988,0,19275,1119,1293,0,24613,24910,0,128667,127038,277,0,0
529229,52476,0,14659,517,1301,0,24847,24815,0,128361,126605,277,0,0
529384,30735,0,7915,1144,1315,44,6484,7020,0,49234,108354,277,0,0
540642,69275,0,33378,0,1356,0,24815,6268,0,123631,32861,294,0,0
557368,66273,0,26627,0,1302,44,24449,24820,0,128597,56768,0,0,0
557776,77608,0,6320,0,1257,0,20503,24819,0,23665,127187,294,0,0
565540,9479,0,3280,0,0,44,24815,24437,0,127038,112148,259,0,0
565788,8229,0,4573,1144,1351,44,24964,24556,0,127038,128426,277,0,0
574884,0,1,0,0,1311,0,0,24503,0,128426,0,283,0,0
576454,2059,0,27330,1144,1351,26,24964,24556,0,127038,126670,277,0,0
579822,47484,0,20806,578,1283,44,23878,24540,0,128426,20480,277,0,0
582634,14815,0,24813,0,1279,0,24959,24613,0,128667,127038,277,0,0
584252,28848,0,22055,0,1286,44,3784,6484,0,126885,34835,277,0,0
584977,50390,0,20834,11,1279,0,12607,24613,0,49976,41947,260,0,0
585040,12478,0,30942,0,873,0,8886,24870,0,128549,86244,0,0,0
585219,6675,0,29886,0,1315,0,24651,24752,0,127038,100865,260,0,0
588099,27052,0,918,0,1248,0,23111,24610,0,107500,24466,294,0,0
590022,21128,0,11969,0,1315,0,17592,24651,0,128426,127202,294,0,0
591481,25292,0,7595,297,1351,44,24161,24815,0,79731,26239,277,0,0
594383,54107,0,19963,987,1293,0,24901,24910,0,49976,36611,277,0,0
600280,24787,0,36080,0,1311,0,17639,24503,0,128549,127582,0,0,0
603848,26988,0,12729,980,31,44,13350,20414,0,128667,127038,276,0,0
605322,9282,0,17802,0,1247,0,7382,3934,0,29793,108385,277,0,0
611025,9538,0,19129,1138,1281,0,12136,6178,0,126969,126885,277,0,0
612964,18825,0,38119,236,1341,0,24923,24959,0,127038,127202,277,0,0
614155,0,1,0,0,1277,0,0,24815,0,126997,0,277,0,0
614536,0,1,0,0,1322,0,0,24945,0,127890,0,277,0,0
614998,63105,0,40526,0,1351,44,24959,24556,0,24508,20727,277,0,0
615459,0,1,0,0,1341,0,0,24959,0,127038,0,288,0,0
617044,52707,0,9177,0,1279,0,24901,24613,0,128719,106131,277,0,0
617728,62172,0,20834,0,1273,0,24959,24736,0,126819,99006,276,0,0
618763,0,0,0,0,1358,0,0,24564,0,128098,0,255,0,0
619152,46925,0,10626,1144,1257,5,6178,7020,0,128426,126605,277,0,0
620033,22928,0,34913,366,1341,0,24898,1627,0,98394,123631,207,0,0
620904,3092,0,25528,1001,810,44,24449,24820,0,128426,128667,277,0,0
623061,47879,0,19129,0,862,0,6178,24736,0,112340,126969,277,0,0
623494,62492,0,33146,0,1283,0,13974,24899,0,126885,66631,0,0,0
625240,59919,0,25244,1144,1293,44,6426,24910,0,128667,2277,255,0,0
627069,47700,0,8714,0,41,0,12283,17058,0,101133,122718,277,0,0
629330,3219,0,11877,0,0,0,24161,24815,0,128549,69383,277,0,0
630125,75144,0,19123,0,1341,0,24959,24815,0,127038,61684,277,0,0
633111,48874,0,11090,0,1358,0,24564,24773,0,128162,127249,0,0,0
634059,30124,0,6612,350,1341,0,24562,24959,0,30461,128549,255,0,0
634160,52476,0,3820,101,1021,44,24186,24919,0,70854,30346,277,0,0
634266,66863,0,5252,0,1356,0,24959,24562,0,127038,126605,277,0,0
639803,51806,0,36985,470,658,0,18297,24512,0,76964,127582,277,0,0
645115,0,1,0,0,1341,0,0,24959,0,126613,0,277,0,0
646292,0,0,0,0,1356,0,0,24820,0,128426,0,277,0,0
647343,31928,0,3281,1138,1329,44,727,24711,0,28019,19370,255,0,0
651705,27357,0,33534,0,297,0,7011,24773,0,126969,128570,277,0,0
652828,0,1,0,0,1341,0,0,24978,0,128600,0,286,0,0
653417,52476,0,36287,631,1341,44,24556,24959,0,94517,124891,277,0,0
657557,45631,0,25699,0,1286,0,23516,21216,0,46575,128719,277,0,0
659090,8971,0,32438,0,1286,0,24449,24820,0,128371,126885,0,0,0
663392,0,1,0,0,1286,0,0,24947,0,127448,0,255,0,0
665756,10415,0,2320,721,1300,0,24496,24815,0,126969,113318,277,0,0
668225,34059,0,32118,980,199,0,16593,24668,0,88038,126969,277,0,0
672966,67500,0,5420,1110,1344,0,3222,24835,0,127038,128426,0,0,0
673012,43282,0,15209,238,74,44,15863,24514,0,117531,122994,277,0,0
678038,55867,0,918,0,158,0,24922,12454,0,32736,128130,277,0,0
681372,34059,0,32439,36,658,0,16028,16077,0,31888,118512,277,0,0
681713,17893,0,24732,1144,1300,44,24565,23111,0,128426,127038,277,0,0
681866,36294,0,20649,631,1279,0,3110,24820,0,112169,31931,277,0,0
685234,44562,0,29668,912,1286,0,6178,5535,0,26828,74429,277,0,0
686582,76571,0,4904,0,1257,0,24499,1805,0,5770,96836,0,0,0
687034,51712,0,24177,1115,224,0,4744,14006,0,6655,77238,166,0,0
691314,0,1,0,0,1340,0,0,24535,0,128112,0,271,0,0
691481,2444,0,12436,0,1339,0,24540,24919,0,127078,60992,277,0,0
693281,36052,0,31430,0,0,0,0,6046,0,128162,27339,0,0,0
693363,64026,0,24343,890,0,0,15716,5266,0,128426,128597,0,0,0
693891,23399,0,39836,0,1315,0,1585,24815,0,127202,128667,277,0,0
699319,52476,0,33422,517,1131,0,24898,24847,0,128426,127597,277,0,0
700020,0,1,0,0,0,0,0,24815,0,127876,0,277,0,0
703764,21115,0,21497,1144,1358,0,16254,24564,0,47280,125779,277,0,0
707249,53494,0,20512,461,74,0,23306,23025,0,128426,128162,268,0,0
710165,56047,0,5654,790,1315,0,9942,24651,0,127202,4265,0,0,0
712132,36482,0,9806,0,1273,44,24815,7447,0,69397,76384,277,0,0
712415,168,0,37796,0,1262,0,12045,24702,0,49976,29102,250,0,0
713825,59015,0,26627,0,1341,0,24947,24476,0,10937,34186,277,0,0
730804,19825,0,40526,1144,1341,44,11327,3800,0,119015,99015,277,0,0
732612,50001,0,40111,1016,1286,0,24476,24815,0,126939,126885,277,0,0
733192,63873,0,39137,1119,1358,9,24773,24815,0,128162,33246,277,0,0
735457,19441,0,25840,236,1286,0,24910,24901,0,25736,126778,277,0,0
736105,21128,0,12226,350,979,0,24565,19180,0,128426,126633,276,0,0
743158,25197,0,14005,0,1358,0,24668,6178,0,45183,56567,277,0,0
743328,34059,0,30714,0,1315,0,24938,24773,0,128549,126605,277,0,0
744316,0,1,0,0,0,0,0,24815,0,127940,0,277,0,0
753224,28779,0,29298,730,507,44,24597,24815,0,85284,127433,277,0,0
756739,55400,0,5252,0,1310,0,24502,24815,0,101133,122718,277,0,0
757639,56532,0,25788,0,1360,0,24820,24847,0,103840,128584,260,0,0
759618,29737,0,29338,1144,1279,44,24773,24668,0,34250,128718,277,0,0
761967,26226,0,39148,1138,1351,44,24712,24556,0,35162,127906,277,0,0
762055,5205,0,918,0,0,0,3632,10350,0,127202,128301,277,0,0
762574,66276,0,918,0,1286,0,24186,24919,0,109899,36105,277,0,0
762747,28696,0,4505,78,1315,0,5811,24651,0,73079,128549,0,0,0
767356,0,1,0,0,1249,0,0,24815,0,127038,0,277,0,0
769115,2059,0,1760,920,467,44,6444,12197,0,126745,126819,277,0,0
769926,50905,0,37005,0,1249,0,24476,24815,0,127038,128667,277,0,0
774102,19203,0,11313,0,1300,0,24562,24922,0,101133,6685,0,0,0
784265,47963,0,21753,0,0,0,0,18857,0,128162,126885,0,0,0
784749,1955,0,3551,0,1341,0,24959,21828,0,121607,119816,0,0,0
788484,0,1,0,0,1337,0,0,24825,0,128142,0,277,0,0
789627,9894,0,21727,0,1341,0,24815,6268,0,123746,119816,294,0,0
793348,66639,0,40759,567,1329,0,15863,24512,0,128426,128667,277,0,0
793618,67378,0,14592,1048,1356,44,23325,24815,0,127038,126819,277,0,0
794450,18714,0,14468,0,989,0,24910,22639,0,128667,92529,0,0,0
794815,30260,0,9845,1144,772,0,21020,24819,0,128426,128609,0,0,0
794955,51480,0,18498,618,1315,0,24512,24651,0,5897,31436,124,0,0
795465,25458,0,39343,660,1358,0,24449,24820,0,128426,127597,277,0,0
800341,55305,0,2794,1076,0,0,2451,9697,0,128644,45903,277,0,0
805786,15716,0,2357,0,1273,0,24512,15863,0,128426,128667,277,0,0
810279,6928,0,14822,1141,1279,26,24815,6182,0,128667,127038,277,0,0
816271,22805,0,4225,337,1332,0,24540,24819,0,78849,25971,277,0,0
816411,10653,0,20066,432,1286,44,4184,429,0,128667,127251,0,0,0
819445,67221,0,7080,0,1341,0,24815,24959,0,127038,74133,277,0,0
820931,43630,0,21013,0,1277,0,24161,24815,0,77369,13537,277,0,0
821579,22291,0,12631,11,535,0,24651,17439,0,128426,25839,0,0,0
832781,44935,0,11267,0,1358,0,3061,13345,0,126885,126969,277,0,0
833158,34206,0,20485,0,1315,0,24898,24773,0,128426,57041,277,0,0
837614,4893,0,10288,730,1277,44,24815,24552,0,128426,126702,264,0,0
838466,28599,0,40190,1144,1277,0,17639,24612,0,128426,126992,277,0,0
843614,18824,0,1374,631,1315,44,24728,24773,0,13325,126885,277,0,0
844819,5990,0,30348,11,1273,44,24755,24736,0,119816,46925,255,0,0
849254,53878,0,35996,1138,1300,0,23750,24922,0,29793,73911,277,0,0
850381,0,1,0,0,1341,0,0,24959,0,127038,0,260,0,0
850428,47508,0,577,0,1315,0,24542,24651,0,51790,127861,277,0,0
850597,46695,0,12739,470,1277,0,24512,22295,0,34904,25747,8,0,0
850821,7540,0,28819,53,1286,27,24820,601,0,126885,17478,277,0,0
856194,21579,0,25558,730,1341,0,24499,21001,0,1831,54547,277,0,0
857323,10778,0,29118,1144,1341,44,24922,24959,0,125222,27890,277,0,0
858066,0,1,0,0,1273,0,0,24736,0,128779,0,277,0,0
858492,66890,0,33123,864,1281,8,24922,24614,0,98467,53076,260,0,0
860600,74892,0,201,0,1257,0,23724,22769,0,128719,66602,277,0,0
861349,71777,0,11758,0,1300,0,24922,24847,0,29793,126969,0,0,0
861510,73671,0,33336,0,1086,0,15089,12101,0,128426,126776,0,0,0
864375,47151,0,5642,1138,2,0,24633,24815,0,126969,106985,277,0,0
865758,44756,0,8234,959,923,44,24633,24815,0,33982,25629,277,0,0
866760,40608,0,21676,10,1341,0,24565,1627,0,126885,128370,207,0,0
867423,15352,0,4210,420,0,0,24610,5440,0,128426,126975,0,0,0
869781,43470,0,32527,267,1315,44,11654,24539,0,49976,126991,277,0,0
871220,15441,0,20489,940,262,44,18986,24514,0,128426,126992,276,0,0
873775,11706,0,30930,1144,1249,44,24499,24847,0,127038,12298,260,0,0
875590,52476,0,37676,1144,1286,44,24161,24815,0,79731,128549,277,0,0
877389,75766,0,37488,1104,1351,44,24825,24556,0,127038,128375,277,0,0
877414,32763,0,24177,730,1277,0,14696,24612,0,18309,126885,277,0,0
880032,57357,0,25040,0,1249,0,4709,24864,0,128527,82716,0,0,0
883586,70328,0,41757,730,1257,0,10487,24540,0,50532,122994,277,0,0
885778,20810,0,25127,879,1286,44,15411,22431,0,128667,128719,277,0,0
890637,26637,0,8583,99,1358,44,10668,24564,0,128426,126776,277,0,0
891864,15352,0,35509,0,1358,0,16254,24564,0,128426,128549,0,0,0
893844,28470,0,40527,0,1286,0,24815,24901,0,128667,128018,277,0,0
894494,19203,0,33542,0,221,44,24613,7960,0,46196,18470,277,0,0
896743,69756,0,28571,0,1324,0,5563,24540,0,122329,128043,277,0,0
896874,47459,0,22209,0,873,0,20128,24870,0,128162,66882,0,0,0
899181,77465,0,39658,1144,1356,0,24161,24815,0,128426,127038,277,0,0
899744,26983,0,40862,1210,1242,44,7118,6077,0,128426,126992,255,0,0
899938,16593,0,7149,0,342,0,487,24458,0,126969,45318,277,0,0
904832,21888,0,41385,218,1341,42,24956,24959,0,127038,110071,252,0,0
907493,75653,0,22886,11,1281,0,24161,24815,0,126595,41764,277,0,0
910213,51667,0,14297,0,1300,0,3313,24922,0,49976,26391,0,0,0
911084,13025,0,30988,0,0,0,12224,24819,0,128130,122763,0,0,0
912526,34202,0,17660,0,1300,0,8894,24847,0,128719,126885,0,0,0
913118,67388,0,8297,0,0,0,24777,24815,0,88549,32864,277,0,0
919121,27022,0,21950,53,1286,0,24910,24901,0,86994,126969,277,0,0
919241,64659,0,19963,1144,1096,44,24476,24815,0,73870,41456,277,0,0
925897,49216,0,5187,1115,1286,0,6732,24901,0,126812,65969,277,0,0
928322,75066,0,14185,1144,1283,44,24161,24815,0,69013,102419,277,0,0
936398,61510,0,32439,0,170,0,19180,24565,0,95310,97249,0,0,0
936707,59698,0,4015,1138,1341,44,24610,24592,0,128162,99463,255,0,0
938898,73047,0,8479,0,214,0,24769,18581,0,128644,127343,260,0,0
939624,61370,0,3704,0,1273,44,24597,24815,0,119967,110087,277,0,0
941137,470,0,8672,0,1315,0,24901,24651,0,128162,101893,0,0,0
943008,55685,0,10202,0,1213,0,24612,7628,0,40683,104376,0,0,0
946842,25539,0,19129,0,1257,0,6178,24815,0,126969,87108,277,0,0
950361,65738,0,7747,0,1341,44,24922,24959,0,127890,126885,277,0,0
952082,15352,0,36289,677,1300,0,24887,24820,0,52734,36182,277,0,0
952963,68884,0,10880,1144,1286,0,24815,24830,0,49976,127861,260,0,0
952975,63933,0,22854,0,255,0,2004,6412,0,126633,58902,255,0,0
955097,6913,0,14956,0,1273,0,24815,24736,0,64510,52081,277,0,0
962370,0,0,20372,0,1337,0,0,24825,0,127861,21972,0,0,0
963790,18362,0,31311,912,1286,44,24910,24901,0,128370,126969,277,0,0
968805,21846,0,23978,350,174,0,421,19092,0,116748,92827,277,0,0
973363,52476,0,29447,1138,1315,44,7011,24773,0,128426,127251,277,0,0
977497,22795,0,16990,1009,1311,44,24476,24815,0,127038,128426,277,0,0
980877,4262,0,6762,1115,1351,42,24901,24556,0,86732,119816,272,0,0
982330,77316,0,21694,0,1281,0,24740,24614,0,70434,121607,0,0,0
985842,4927,0,19129,0,212,0,6178,24919,0,126969,126605,277,0,0
988645,31897,0,7613,0,0,0,24947,24815,0,128667,127038,277,0,0
992249,52525,0,19371,730,1281,0,24562,24614,0,127861,96693,277,0,0
994554,42168,0,577,0,1339,0,8238,24540,0,114594,126885,277,0,0
995861,37893,0,18294,730,1281,0,13819,24489,0,128426,127328,276,0,0
996328,47882,0,32717,730,1358,26,11327,24564,0,122994,126885,277,0,0
996348,61064,0,19129,1144,1286,0,23872,6178,0,67548,84493,277,0,0
997135,37952,0,4505,0,795,0,17802,19287,0,128426,128644,276,0,0
1001948,6675,0,11796,940,1353,0,24898,6178,0,49976,127154,277,0,0
1004544,0,0,0,0,1341,0,0,24623,0,128404,0,277,0,0
1006468,11658,0,2806,0,84,0,12284,4709,0,128667,127595,0,0,0
1006709,32099,0,12149,730,1286,0,24776,24901,0,126885,126969,0,0,0
1007946,952,0,41936,1144,1301,44,24815,24476,0,128426,127328,277,0,0
1011356,56532,0,34495,0,1360,0,7596,24847,0,103840,99805,0,0,0
1012649,69105,0,22356,11,1259,0,4123,24713,0,128426,128162,277,0,0
1013766,1444,0,13167,1144,1356,0,24947,24815,0,126626,127199,277,0,0
1014138,29230,0,5806,1144,1279,0,24597,24815,0,128667,69919,277,0,0
1019490,47666,0,13240,0,1315,0,24532,24860,0,126992,127202,0,0,0
1022090,18825,0,35202,1144,1300,44,24730,20064,0,29793,13637,268,0,0
1022584,34972,0,32525,1097,0,0,8763,24610,0,126633,60455,0,0,0
1023674,55433,0,8611,641,1257,44,3800,24847,0,128370,127454,277,0,0
1024124,74612,0,18613,1110,1066,0,24901,21214,0,128426,127251,0,0,0
1025815,0,1,0,0,1286,0,0,24972,0,128600,0,277,0,0
1030976,24991,0,6762,0,1351,0,24825,24556,0,6032,108522,277,0,0
1033637,52476,0,17558,0,1358,0,24186,24919,0,126885,126969,276,0,0
1033812,0,0,4746,0,0,0,0,0,0,128162,126885,0,0,0
1035346,21236,0,28701,0,1341,0,24923,24959,0,71076,103188,277,0,0
1035719,55035,0,28039,940,1341,44,24556,24959,0,122255,128356,276,0,0
1038563,21682,0,33534,0,1315,0,22847,24773,0,128162,32710,277,0,0
1048632,75742,0,32800,53,1257,0,24610,15588,0,115137,123247,277,0,0
1052178,47796,0,13362,0,1358,0,23813,17887,0,127277,126992,0,0,0
1053542,15218,0,10256,65,1249,0,4709,24864,0,104849,128549,260,0,0
1056935,17671,0,17603,0,1228,0,12011,24815,0,53012,11960,277,0,0
1062099,74298,0,33378,1166,1249,44,24597,24815,0,114427,40322,277,0,0
1062207,0,1,0,0,1257,0,0,24815,0,127847,0,277,0,0
1073828,28701,0,25840,0,1286,0,16810,24901,0,6685,128162,0,0,0
1086058,42026,0,5252,1210,1288,44,24922,24755,0,96220,23479,277,0,0
1092394,817,0,20776,635,1286,0,24429,24901,0,100966,19823,294,0,0
1097490,12438,0,12765,0,1358,0,24161,24815,0,79731,3859,277,0,0
1097981,76847,0,17161,0,1279,0,10146,20985,0,128549,18649,255,0,0
1098305,26552,0,37005,0,1279,0,24562,24613,0,84919,18506,277,0,0
1099140,18821,0,577,0,1356,0,12006,24562,0,11617,78677,207,0,0
1102062,61341,0,10655,53,1247,0,6178,20808,0,10322,127433,277,0,0
1103984,14365,0,4268,618,1246,0,24512,24819,0,51858,128370,277,0,0
1104087,16077,0,40309,0,1021,0,24540,20985,0,16792,124507,277,0,0
1104701,53023,0,38818,1144,1307,44,24815,24560,0,127038,126741,270,0,0
1105134,27357,0,23600,730,1257,0,7011,24773,0,128426,128370,277,0,0
1106747,12041,0,78,0,1280,0,7966,24610,0,49074,6328,0,0,0
1110013,6186,0,4665,888,57,0,8716,14823,0,126702,127251,277,0,0
1114158,0,1,0,0,1273,0,0,24736,0,128987,0,277,0,0
1115541,77609,0,35672,0,0,0,5268,24565,0,10443,76852,277,0,0
1118022,0,0,0,0,1341,0,0,24959,0,128426,0,260,0,0
1120137,15352,0,6600,1144,1286,44,24959,24901,0,57354,127600,255,0,0
1120277,53724,0,19608,0,292,0,23431,24610,0,126969,36656,277,0,0
1120373,44496,0,7146,273,0,44,5440,24565,0,126885,95809,0,0,0
1121229,78224,0,4103,0,1286,44,24564,24901,0,128667,127038,255,0,0
1129833,7601,0,30456,0,1288,14,24552,14884,0,128426,126992,8,0,0
1130742,21640,0,25262,461,0,0,6178,24489,0,66188,91704,277,0,0
1131957,4857,0,17088,236,1341,0,24437,24815,0,127038,127202,277,0,0
1132299,2059,0,25311,680,1341,44,24562,24959,0,108487,128272,277,0,0
1132362,29329,0,42253,0,1315,0,24959,24651,0,127038,127251,0,0,0
1134429,31850,0,24434,0,1281,0,11831,1628,0,128426,127328,277,0,0
1134697,39136,0,28060,631,1358,44,24161,24815,0,70050,123472,277,0,0
1136663,61907,0,35406,320,1300,44,19755,24847,0,128636,126605,277,0,0
1136885,2757,0,21497,0,1315,0,24815,24651,0,106912,127906,277,0,0
1147125,64290,0,19129,1138,1144,44,24429,21309,0,33339,12271,255,0,0
1147963,28575,0,19815,0,1341,0,6199,24959,0,128882,128130,0,0,0
1149874,19991,0,40526,1144,1315,0,24476,24815,0,27914,10937,277,0,0
1151918,71907,0,37867,0,1332,0,22609,24819,0,54768,128549,277,0,0
1152518,11972,0,19373,1138,1247,0,24815,6268,0,127433,128355,294,0,0
1154981,5759,0,15152,0,1360,0,24922,24568,0,128426,105933,277,0,0
1155640,67469,0,17887,1151,17,0,24564,9232,0,40017,9598,276,0,0
1156538,72319,0,22752,741,0,0,24947,24963,0,98394,53785,253,0,0
1159790,3854,0,1426,0,1286,0,14508,22886,0,128426,127597,277,0,0
1163546,3379,0,11862,0,1341,0,24736,24959,0,49007,27890,277,0,0
1165153,0,1,0,0,1341,0,0,24959,0,127038,0,277,0,0
1165503,18825,0,26578,0,1315,0,24773,24651,0,68097,128234,0,0,0
1166220,75470,0,1405,730,658,44,24161,24815,0,76279,126885,277,0,0
1168060,9036,0,5456,0,1257,0,24712,11515,0,128644,126939,0,0,0
1180101,46893,0,36723,65,1341,44,24161,24815,0,128426,127038,277,0,0
1180206,45371,0,23545,0,74,0,24959,23025,0,128162,126574,0,0,0
1180216,68369,0,1077,810,1257,0,23672,17831,0,13124,60037,277,0,0
1181080,21888,0,23959,0,1341,0,24429,24959,0,127038,127849,255,0,0
1186368,41258,0,42597,730,414,44,24538,18722,0,122994,126534,277,0,0
1186410,18202,0,1334,1144,1315,44,24476,24815,0,127038,126885,277,0,0
1187885,70581,0,32896,1144,1353,0,24562,24845,0,128426,79611,277,0,0
1187886,3125,0,16084,0,1356,0,24860,24562,0,74605,32524,0,0,0
1194654,36297,0,19694,631,1300,44,24565,11779,0,128197,128644,277,0,0
1195618,68068,0,2331,0,1356,0,9510,24562,0,126702,116185,0,0,0
1199558,52476,0,14923,618,1316,0,24512,24514,0,126605,126885,277,0,0
1202388,0,1,0,0,1356,0,0,24562,0,128834,0,277,0,0
1202878,27325,0,38771,0,1337,0,24901,24825,0,73954,15071,277,0,0
1206754,49184,0,14005,0,1281,0,24610,24489,0,126819,126817,277,0,0
1206795,1244,0,18692,0,1273,44,24922,24736,0,126702,128667,277,0,0
1209528,57987,0,21761,0,1341,0,24736,24959,0,127861,96693,277,0,0
1212077,59615,0,3594,0,1356,0,7782,24562,0,128426,123655,289,0,0
1213021,61370,0,11170,0,1356,0,24901,24562,0,126969,92150,277,0,0
1213194,28232,0,37406,408,1257,0,13130,24847,0,50532,99805,277,0,0
1214980,58377,0,16402,308,1277,0,21147,24612,0,22999,128719,277,0,0
1216757,55592,0,4171,618,1358,0,16254,24564,0,67747,19667,277,0,0
1220952,58885,0,7473,0,1086,0,24820,5975,0,126633,128197,0,0,0
1224686,15864,0,37307,1144,1310,0,24502,24592,0,128426,53764,0,0,0
1231223,37204,0,20485,0,1315,0,24899,24651,0,49976,70273,277,0,0
1231997,51284,0,2961,1144,1358,0,24458,5440,0,38245,127078,277,0,0
1233360,30735,0,16916,879,1286,0,374,24901,0,10937,24934,277,0,0
1233850,74298,0,30589,0,255,0,24916,6412,0,326,126975,277,0,0
1237504,6513,0,37005,225,1315,44,24446,24651,0,128426,19090,277,0,0
1238420,0,1,0,0,1341,0,0,24546,0,127038,0,277,0,0
1239673,0,1,0,0,1304,0,0,24776,0,128426,0,277,0,0
1240131,47452,0,16076,0,1279,0,24562,24613,0,127861,15889,277,0,0
1242789,5577,0,6487,1144,1281,44,24613,24614,0,126817,81011,277,0,0
1246653,50640,0,29189,1138,463,44,24540,3891,0,128426,126992,277,0,0
1247926,58742,0,12739,1124,1315,44,24815,24944,0,128426,121263,276,0,0
1261492,34059,0,17459,631,1358,44,24659,24815,0,126605,126885,277,0,0
1269197,0,1,0,0,1341,0,0,24606,0,127038,0,260,0,0
1271015,67718,0,25015,566,382,5,24947,24815,0,128667,127038,277,0,0
1274327,58191,0,4906,0,1286,0,24597,24815,0,101133,122718,277,0,0
1276331,28555,0,37559,297,1315,0,24815,6268,0,128426,12234,294,0,0
1278222,75144,0,34410,0,1286,0,361,24815,0,128667,55357,277,0,0
1278868,16532,0,11830,1144,0,44,24947,24815,0,128644,127328,277,0,0
1281050,0,0,0,0,1286,0,0,24739,0,128426,0,277,0,0
1281453,0,1,0,0,1334,0,0,24785,0,128962,0,276,0,0
1287305,52476,0,31913,1140,780,0,5440,11041,0,128549,126885,277,0,0
1290723,17554,0,20485,672,1257,0,24597,24815,0,128644,128719,277,0,0
1291316,44820,0,12739,912,1257,0,5535,24847,0,128426,128667,277,0,0
1292071,37909,0,6538,0,1356,0,24610,24565,0,128426,119520,294,0,0
1292463,58166,0,8946,0,1007,0,8917,1627,0,98394,127202,0,0,0
1295746,39072,0,33534,0,1300,0,20009,5440,0,127597,126969,0,0,0
1296255,47322,0,1590,176,0,0,5563,24540,0,128426,40079,277,0,0
1297488,63048,0,11753,962,1117,0,3542,24668,0,11960,98064,277,0,0
1299452,58742,0,14006,0,1273,0,19195,24736,0,44326,128549,277,0,0
1300072,27059,0,9845,0,910,0,110,24514,0,128162,30310,268,0,0
1300598,0,0,0,0,1341,0,0,24959,0,127038,0,262,0,0
1300646,49279,0,16951,470,656,0,15863,24512,0,126885,127013,277,0,0
1300681,30735,0,1077,0,1323,0,24476,24815,0,120368,5095,277,0,0
1304475,28938,0,10205,0,829,12,16709,14364,0,128426,90945,277,0,0
1306228,0,1,0,0,1341,0,0,24959,0,127038,0,260,0,0
1307266,15352,0,36977,0,1280,0,15575,24471,0,127861,18349,277,0,0
1307808,23897,0,28760,0,1273,0,24161,24815,0,38655,104536,277,0,0
1313207,27052,0,22722,0,1316,0,3869,24652,0,38699,127433,0,0,0
1318646,60616,0,31976,631,1009,0,808,6178,0,126885,119790,255,0,0
1319506,14489,0,39047,1144,1310,44,2047,24502,0,128667,127251,277,0,0
1326449,27399,0,11518,1144,550,0,24476,24815,0,93396,128355,277,0,0
1326478,77642,0,33609,730,1000,0,21114,18979,0,99733,127084,0,0,0
1326499,45613,0,39658,413,1341,14,9008,24959,0,127199,9515,268,0,0
1327080,42486,0,14005,0,1341,0,24628,6178,0,104531,60321,0,0,0
1328814,51809,0,4505,841,1286,0,24449,24820,0,1295,35171,294,0,0
1329151,76561,0,25699,0,1300,0,22161,15632,0,126885,122361,277,0,0
1330629,64387,0,3594,0,1283,0,2286,24919,0,126885,126605,277,0,0
1333219,71043,0,6638,1144,422,44,24651,9667,0,128332,10937,277,0,0
1334665,52476,0,32527,267,807,0,22431,23305,0,112957,10937,277,0,0
1335881,61242,0,40073,0,1315,0,24815,24540,0,49976,104531,277,0,0
1338327,36684,0,8810,0,1285,0,24753,12754,0,128667,127820,277,0,0
1338837,7215,0,15101,0,0,0,1510,24898,0,128162,123753,0,0,0
1341112,72760,0,38885,341,1291,44,16537,24458,0,122231,66696,277,0,0
1341716,15403,0,28890,0,1279,0,24562,24613,0,127861,96693,260,0,0
1341895,17184,0,27705,0,1358,0,18906,2881,0,127038,128644,255,0,0
1350547,902,0,2335,105,1009,0,2489,24610,0,86994,126605,277,0,0
1353689,52476,0,20848,1144,1352,44,24820,23111,0,128426,128667,277,0,0
1354608,68265,0,16891,11,1358,0,8922,24540,0,13325,126885,276,0,0
1355660,39398,0,19783,730,1315,0,17098,24773,0,128667,128644,277,0,0
1362442,15352,0,3955,0,1356,0,14266,5440,0,128426,127199,0,0,0
1363234,34513,0,27569,730,1249,44,24926,2286,0,79731,126605,277,0,0
1365277,58898,0,19279,730,1086,0,13045,24847,0,29793,31794,0,0,0
1375132,15352,0,15682,0,753,0,12786,5440,0,128426,128370,0,0,0
1375229,0,1,0,0,0,0,0,24737,0,128410,0,0,0,0
1377335,7337,0,30875,0,1286,44,15863,21061,0,126885,50183,255,0,0
1378876,75066,0,22962,1144,1286,0,5563,24540,0,128371,128043,277,0,0
1381953,2520,0,38448,457,1357,0,16960,24898,0,128162,134,0,0,0
1382657,22698,0,1305,0,1338,0,24815,6268,0,128426,127038,294,0,0
1382698,45389,0,7387,711,1247,44,22624,24540,0,13325,128549,277,0,0
1389940,744,0,1077,730,0,44,24815,24854,0,49976,7065,289,0,0
1397964,13001,0,14248,0,1341,0,24815,6268,0,127038,85671,294,0,0
1401520,52476,0,5296,0,787,44,24712,5545,0,89820,126885,277,0,0
1401567,72897,0,14022,0,1294,0,24499,24916,0,127861,96693,0,0,0
1403309,52529,0,18236,0,0,0,7942,24458,0,102048,126885,0,0,0
1403823,1832,0,6641,1138,1315,44,24751,7020,0,17464,126969,221,0,0
1404351,25746,0,6824,297,310,44,24815,6268,0,128355,86987,294,0,0
1405951,61212,0,19963,1138,1364,44,24815,24970,0,67975,103440,260,0,0
1407895,63771,0,5956,618,1257,26,7020,24512,0,128426,128609,0,0,0
1411268,60582,0,27617,631,1257,0,22951,17466,0,128667,128719,277,0,0
1414629,19203,0,17312,0,1281,0,24514,21976,0,75938,112078,277,0,0
1415114,66425,0,29035,1144,1281,0,24614,24815,0,128667,127202,277,0,0
1416283,70018,0,12030,1144,1247,0,24815,6268,0,128426,48479,294,0,0
1418391,77092,0,39001,0,1257,0,24161,24815,0,128426,127038,277,0,0
1425094,9632,0,2287,1144,883,0,16591,23324,0,127199,108168,274,0,0
1425329,2348,0,12739,912,1257,44,24769,24712,0,49976,128919,277,0,0
1425907,31460,0,4314,0,1257,0,24712,10108,0,16505,128549,0,0,0
1426304,77672,0,3406,1144,1341,0,21278,24959,0,127038,40217,277,0,0
1438183,2333,0,26549,1144,1356,0,5563,24540,0,128162,126605,255,0,0
1439704,26970,0,17733,0,1281,0,24471,24614,0,127328,127202,277,0,0
1440160,76752,0,26433,301,1338,26,13181,24830,0,127038,128644,260,0,0
1442144,19203,0,11313,0,0,0,0,13624,0,101133,127861,0,0,0
1445734,36547,0,18689,987,1341,44,24854,24959,0,127038,126992,289,0,0
1447296,514,0,17233,0,848,0,24592,24540,0,128426,128549,277,0,0
1453719,52994,0,16096,796,836,0,24186,24919,0,126776,126885,0,0,0
1460395,0,0,0,0,1341,0,0,24959,0,127038,0,0,0,0
1462242,7331,0,1603,0,864,0,22208,7160,0,128426,128162,0,0,0
1465670,2520,0,3560,0,1358,0,24564,24815,0,128426,126776,277,0,0
1470887,53023,0,4548,0,1341,0,24815,13786,0,127038,127328,277,0,0
1474119,52476,0,23246,673,1257,44,13819,24489,0,10385,128549,277,0,0
1475926,39987,0,16384,743,775,0,10736,24610,0,128648,126975,277,0,0
1482259,48231,0,27561,539,1341,0,24161,24815,0,126702,128667,277,0,0
1483262,15352,0,15337,0,1168,0,24610,1507,0,19373,63584,277,0,0
1484358,59919,0,36815,0,0,0,0,16243,0,127433,126885,0,0,0
1486034,27357,0,11540,0,1257,0,4588,24773,0,31888,126969,277,0,0
1486949,52476,0,17856,1138,1341,0,24161,24815,0,128426,88521,277,0,0
1487019,1695,0,13750,0,1249,0,24736,24864,0,127328,128644,277,0,0
1500505,14795,0,12676,128,1238,0,24830,24815,0,128667,110995,277,0,0
1502681,0,0,0,0,1286,0,0,24561,0,128426,0,276,0,0
1505859,52476,0,1090,1144,1310,44,24449,24820,0,128426,128667,277,0,0
1507797,40686,0,37235,11,1257,43,3948,20295,0,128644,128426,0,0,0
1508554,14787,0,34901,0,1300,0,24161,24815,0,32899,73423,277,0,0
1509628,63873,0,20168,0,1277,26,24815,24612,0,59699,76050,277,0,0
1509899,0,1,0,0,1248,0,0,24697,0,128016,0,248,0,0
1514111,22711,0,34518,1144,598,0,24712,3801,0,49976,52764,277,0,0
1514512,75304,0,38194,0,1341,0,24830,24815,0,128089,128439,277,0,0
1515299,59919,0,8039,320,1341,26,24899,24959,0,127433,126885,277,0,0
1519371,38447,0,17603,1231,1281,0,23449,640,0,126969,43506,277,0,0
1521407,25233,0,14800,0,1352,0,17441,6663,0,28282,128719,277,0,0
1521460,51855,0,6478,931,1315,0,24536,23964,0,128667,127202,0,0,0
1528386,52388,0,20291,0,565,26,24901,20583,0,128162,1538,0,0,0
1536230,77966,0,32118,0,1286,0,24910,24901,0,62041,127078,277,0,0
1537954,66633,0,4420,461,1304,0,24820,24938,0,103571,75823,277,0,0
1543503,27953,0,36340,0,1315,6,24606,24815,0,26287,104288,277,0,0
1543623,41204,0,25184,867,1300,0,19830,24815,0,128426,128162,277,0,0
1548289,48800,0,17603,0,1356,0,24562,24815,0,34076,126969,277,0,0
1550190,43789,0,9544,877,1341,0,24815,6268,0,118619,128549,294,0,0
1555192,19297,0,38407,911,1273,0,24815,24865,0,127276,127078,254,0,0
1557873,0,1,0,0,1337,0,0,24825,0,127042,0,277,0,0
1564015,69756,0,41469,470,1257,0,15863,24512,0,128411,112806,277,0,0
1567371,18824,0,37549,0,1315,0,24919,24773,0,128426,127202,277,0,0
1567797,73156,0,18261,0,1257,0,11790,24712,0,128644,128667,277,0,0
1568935,66633,0,18620,0,1341,0,24556,24959,0,119487,126885,277,0,0
1572876,69761,0,19853,0,1286,0,23942,24901,0,126702,127251,277,0,0
1576587,2399,0,33389,0,1356,0,7635,24870,0,31436,29005,277,0,0
1578200,15352,0,15337,0,1315,44,24467,24651,0,32521,128549,277,0,0
1584936,43974,0,4517,0,1300,0,12077,16325,0,47656,101133,260,0,0
1586918,5597,0,6565,1144,1257,44,24773,24820,0,128426,128667,277,0,0
1589218,31042,0,2521,0,129,0,11654,24668,0,56567,92882,277,0,0
1592558,43923,0,14005,1144,1294,44,24752,24815,0,49976,108401,277,0,0
1593570,62142,0,23246,0,1339,0,6988,24540,0,49976,46188,0,0,0
1594031,29143,0,2289,11,1286,0,24565,24847,0,126885,126969,0,0,0
1596320,65958,0,34472,0,1356,0,24899,24562,0,128426,127202,294,0,0
1596866,75008,0,13521,0,1320,0,23617,24516,0,126969,128162,277,0,0
1597179,49964,0,11300,0,0,0,24962,24499,0,128162,54885,251,0,0
1599972,47370,0,6047,1144,1257,44,24898,24565,0,128426,126633,294,0,0
1602137,45159,0,40071,0,880,44,6193,24847,0,49976,66403,277,0,0
1602162,73035,0,4309,1144,1358,44,24161,24815,0,128549,13325,277,0,0
1604568,50272,0,7978,415,1279,0,24576,24815,0,60220,126819,277,0,0
1610804,55945,0,33716,0,1288,0,24815,12011,0,128426,126992,277,0,0
1611564,0,1,0,0,1341,0,0,24815,0,127038,0,277,0,0
1611623,48595,0,5752,411,1286,44,24959,24901,0,117620,25555,277,0,0
1611775,19063,0,6320,1144,1286,0,24161,24815,0,128549,17940,277,0,0
1615016,28678,0,1256,841,1286,7,3564,14728,0,49234,128955,277,0,0
1616148,76897,0,24652,0,0,0,24820,422,0,128162,128597,277,0,0
1627481,37264,0,32439,1138,1293,0,15269,1507,0,49976,74618,260,0,0
1629830,76897,0,31805,1138,1358,44,24651,24564,0,10937,44659,294,0,0
1630167,15352,0,32568,1144,1286,0,24815,24901,0,29427,126819,277,0,0
1633179,24057,0,29958,11,1257,0,14792,24712,0,128644,108385,277,0,0
1640143,0,0,0,0,1341,0,0,24815,0,128426,0,277,0,0
1640744,30496,0,42226,0,1250,0,20458,24458,0,114068,4553,207,0,0
1641452,70947,0,6408,1013,1288,44,19102,4859,0,128426,127251,277,0,0
1643138,43948,0,33085,1144,1257,44,24512,24820,0,3734,82421,277,0,0
1643349,50787,0,2387,635,1247,0,24947,24815,0,127202,128644,277,0,0
1648254,47609,0,37005,0,1341,0,24815,24959,0,127038,127251,277,0,0
1655935,588,0,22672,272,1296,44,24916,24769,0,128644,128667,277,0,0
1656601,76894,0,22883,954,1235,0,7942,24458,0,128426,98563,277,0,0
1657978,0,1,0,0,1351,0,0,24556,0,127038,0,277,0,0
1659850,37601,0,42460,0,1271,0,6178,24898,0,126969,127779,277,0,0
1660833,67617,0,39649,53,1009,0,2489,17274,0,128426,126605,277,0,0
1662395,18167,0,12431,0,1007,0,18087,22077,0,126969,128371,0,0,0
1663733,43108,0,1077,0,0,0,15863,24540,0,126885,126605,260,0,0
1664373,15352,0,2237,1144,1315,44,24614,24651,0,10937,128719,277,0,0
1668065,20092,0,14966,0,1279,44,24947,24815,0,128667,126992,277,0,0
1668551,17893,0,11921,0,1286,0,21490,24592,0,126939,128371,0,0,0
1669803,7675,0,34414,640,39,0,19714,24773,0,128162,128081,0,0,0
1671648,5655,0,41898,631,310,0,24773,24950,0,28037,118639,0,0,0
1672214,59007,0,31854,0,1286,0,20284,14393,0,128426,127251,0,0,0
1674695,0,1,0,0,1341,0,0,24970,0,128522,0,260,0,0
1677837,4600,0,4473,105,1286,0,6178,12529,0,86994,127929,277,0,0
1677896,6142,0,18777,0,1341,26,24562,24959,0,127038,127597,277,0,0
1682715,16783,0,34336,0,1356,0,10040,22948,0,127102,127820,259,0,0
1685319,29876,0,3289,0,1273,0,24496,24815,0,128426,55133,277,0,0
1695101,7562,0,18016,0,1286,0,24910,24901,0,21651,105365,277,0,0
1695291,16016,0,14005,0,292,0,24164,18647,0,120435,29580,277,0,0
1697217,60362,0,38935,1110,1341,44,1815,24959,0,128162,49907,277,0,0
1700195,62186,0,22796,0,942,0,24651,2690,0,126633,22498,277,0,0
1703545,74568,0,2676,858,18,44,24815,20,0,41782,128130,277,0,0
1706612,22650,0,16990,0,1341,0,8805,24959,0,127038,108702,0,0,0
1714313,61910,0,41657,261,1286,0,19238,24901,0,128667,108444,0,0,0
1716282,1305,0,7356,672,1257,44,24815,6268,0,128355,90412,294,0,0
1718159,12478,0,21882,0,1288,0,17974,24847,0,46272,42932,277,0,0
1719469,2833,0,577,1104,1093,36,74,3295,0,18224,43787,277,0,0
1722050,49573,0,39658,1138,0,26,24476,24815,0,123299,9377,277,0,0
1723469,9924,0,5252,0,1286,0,24910,24901,0,128426,127038,294,0,0
1725672,3549,0,22890,780,36,0,24815,24962,0,128426,127328,251,0,0
1727525,40955,0,37136,196,780,0,2041,24564,0,128549,128370,277,0,0
1732220,63003,0,20044,867,1257,0,24514,24847,0,70478,111300,277,0,0
1732339,53878,0,9196,1144,1249,0,24815,11970,0,128426,127038,277,0,0
1732840,187,0,21620,0,0,0,10422,24458,0,128549,125245,277,0,0
1734007,6675,0,17681,604,1341,26,24959,24561,0,102911,61893,260,0,0
1735815,31294,0,33481,1227,787,44,24428,5545,0,126885,41641,277,0,0
1737054,38019,0,10767,1144,642,44,24610,19508,0,122623,126969,277,0,0
1738256,24654,0,17603,0,1356,0,24777,24562,0,128426,3907,0,0,0
1738333,5597,0,17823,0,170,0,7138,17333,0,84887,126885,0,0,0
1741822,6285,0,7862,0,1279,0,9269,24613,0,128426,8595,277,0,0
1741869,0,1,0,0,1341,0,0,24959,0,127038,0,277,0,0
1741949,15352,0,26497,730,38,44,24514,18545,0,32938,82948,277,0,0
1742704,4564,0,28500,0,1339,0,18243,24956,0,128426,12268,276,0,0
1747577,52476,0,40510,470,1356,44,24512,16793,0,128426,128644,277,0,0
1747781,34420,0,3635,1144,463,0,24922,3646,0,128549,126671,277,0,0
1750914,10739,0,28832,0,1257,0,24916,24712,0,39560,3295,277,0,0
1752565,22300,0,1971,1144,0,0,19477,24815,0,90091,99881,277,0,0
1754074,12551,0,14780,455,1257,37,24584,808,0,126633,127251,277,0,0
1763149,14184,0,36768,0,1227,0,24679,24820,0,126992,100797,0,0,0
1763592,47038,0,26255,207,1360,0,7020,24847,0,126885,115664,277,0,0
1765871,69826,0,1353,417,1285,44,22632,24820,0,4079,126885,277,0,0
1766147,76728,0,14482,1144,1341,33,24161,24815,0,105961,128714,277,0,0
1766312,27953,0,15728,0,1286,0,24901,24815,0,29793,96019,277,0,0
1767393,28093,0,12676,0,1356,0,4356,24815,0,45971,7289,277,0,0
1771122,35285,0,28513,1144,1341,0,24815,24959,0,127038,42723,277,0,0
1771435,42351,0,21013,0,1341,0,24161,24815,0,126885,82894,277,0,0
1771880,0,0,0,0,1286,0,0,24820,0,128426,0,277,0,0
1784548,0,1,0,0,1257,0,0,24990,0,128644,0,0,0,0
1789265,0,1,0,0,1341,0,0,24959,0,127038,0,291,0,0
1798615,30055,0,34775,0,1283,0,24899,24540,0,128426,125559,0,0,0
1799441,22332,0,19129,0,1094,0,6178,1340,0,128426,81850,277,0,0
1802196,28709,0,12110,0,1356,0,24610,2489,0,45455,108347,277,0,0
1805387,74568,0,27561,635,1286,0,20805,14393,0,67743,27890,250,0,0
1806604,40920,0,37005,0,1341,0,24901,24959,0,127038,23753,277,0,0
1813801,34532,0,12822,730,658,44,5563,24540,0,128426,128667,277,0,0
1815080,52476,0,5387,267,1293,0,14271,19475,0,128426,128667,277,0,0
1817694,59162,0,38547,784,1259,44,24514,24624,0,126992,127038,268,0,0
1822024,20810,0,35626,1138,1257,44,24458,24937,0,128371,126885,255,0,0
1830927,36773,0,18305,1144,1021,44,24735,24815,0,128162,12363,277,0,0
1831036,52476,0,342,347,1337,44,3889,24825,0,4435,13325,277,0,0
1831078,56188,0,28760,0,1313,0,24923,24649,0,128426,128235,0,0,0
1836621,52515,0,37397,390,1282,0,9428,24592,0,8563,33806,294,0,0
1844910,47544,0,23025,435,1356,0,24161,24815,0,128426,39273,277,0,0
1847057,44598,0,19767,0,175,0,7942,24458,0,101133,33362,255,0,0
1850663,39230,0,30816,0,1341,37,24651,24959,0,56617,109941,0,0,0
1856009,38907,0,17251,0,1257,0,24769,24712,0,98840,103170,277,0,0
1857898,0,0,0,0,1279,0,0,24815,0,127038,0,277,0,0
1857950,70051,0,8288,1138,1257,44,24769,24712,0,86340,90555,277,0,0
1861080,30927,0,38872,0,1286,0,24540,24565,0,128426,126633,0,0,0
1864885,0,1,0,0,1341,0,0,24959,0,127923,0,277,0,0
1866073,56090,0,21854,0,1341,0,21071,1627,0,98394,127597,0,0,0
1867924,75420,0,13110,0,1286,0,24449,24820,0,87932,99661,0,0,0
1869228,40410,0,24310,0,0,0,24777,24773,0,127202,89162,277,0,0
1869992,5331,0,2255,631,1286,0,24651,24901,0,970,119816,277,0,0
1874558,33421,0,32568,548,1315,0,24702,24941,0,121358,128549,269,0,0
1876565,75144,0,19129,0,1279,0,24815,6268,0,128426,127038,294,0,0
1877462,15808,0,20941,574,1009,0,22209,24610,0,126633,127251,276,0,0
1877641,1679,0,20767,0,1341,0,24562,24959,0,127038,85992,0,0,0
1877956,59854,0,40111,0,0,0,18001,24610,0,24466,29910,0,0,0
1878548,27444,0,9508,0,1286,0,24815,24476,0,3252,128719,277,0,0
1881313,21850,0,39181,1144,1315,44,24947,24815,0,85406,19461,277,0,0
1882267,5433,0,19963,631,1257,0,24161,24815,0,43419,122937,277,0,0
1883538,58742,0,24948,1144,0,44,24947,24606,0,126856,126969,260,0,0
1885635,50248,0,3263,730,947,0,24864,5729,0,128426,98563,277,0,0
1887773,74298,0,20778,0,1296,0,24916,24769,0,128644,128902,277,0,0
1890740,70051,0,8191,267,1341,0,24556,24959,0,86994,54696,277,0,0
1890994,15352,0,38722,980,569,0,24564,11398,0,96668,128170,277,0,0
1891895,23309,0,29761,1119,130,44,2489,24610,0,126975,51684,268,0,0
1899039,41562,0,186,631,1341,44,24651,24959,0,48369,122545,255,0,0
1900118,38267,0,37867,0,1356,0,24161,24815,0,53252,128549,277,0,0
1900841,0,1,0,0,1273,0,0,24736,0,128685,0,255,0,0
1901943,45948,0,4314,0,1293,0,24449,24820,0,110697,128549,277,0,0
1902038,65139,0,21497,1144,1341,26,24161,24815,0,79731,23907,277,0,0
1903089,66672,0,33378,780,1305,44,9321,8886,0,11000,86244,292,0,0
1905157,10806,0,27627,236,1242,0,6077,13911,0,124660,126885,286,0,0
1907642,38612,0,918,483,1257,0,1805,24499,0,127906,126885,277,0,0
1907957,42679,0,29761,1144,1353,44,24651,24845,0,89431,1802,255,0,0
1911637,17463,0,7357,1144,1215,0,1418,6973,0,29793,13637,277,0,0
1916388,43968,0,21623,1144,1356,0,24901,24562,0,127199,18349,277,0,0
1919561,27052,0,25777,684,477,0,23940,14337,0,128426,126633,277,0,0
1920837,69570,0,18170,858,1301,0,2489,24610,0,128370,122204,0,0,0
1923487,75144,0,29289,1144,1226,0,24815,6268,0,126992,128081,294,0,0
1926500,1472,0,41537,196,1341,0,4212,24773,0,623,128355,277,0,0
1928398,10961,0,18449,0,1341,0,24956,24959,0,127038,128149,277,0,0
1938230,31723,0,25263,1138,961,0,9861,24610,0,24466,108038,277,0,0
1938862,57357,0,21082,1144,703,0,24959,22296,0,128549,126885,276,0,0
1939993,57778,0,41537,1144,1358,0,24161,24815,0,127078,128355,277,0,0
1940266,70896,0,24177,0,942,0,2489,24610,0,128549,116184,277,0,0
1945028,0,1,0,0,1356,0,0,24815,0,127038,0,277,0,0
1947054,15833,0,42024,0,1283,0,24728,24540,0,128426,128197,277,0,0
1951505,7955,0,2651,753,1279,0,24690,8242,0,52926,126969,277,0,0
1954356,5239,0,2599,450,1286,44,24910,24901,0,50100,122994,277,0,0
1956673,60141,0,22398,0,1273,0,19715,24898,0,128426,126702,277,0,0
1959866,61458,0,23708,267,1248,44,13736,12529,0,49976,95894,277,0,0
1960330,39490,0,13671,1144,1356,44,24597,24815,0,127890,38792,277,0,0
1960340,20967,0,1859,196,1341,0,24773,24898,0,128426,128549,277,0,0
1961394,9890,0,3856,772,1286,0,10216,24820,0,128667,127251,0,0,0
1963322,23405,0,918,1144,1315,44,23990,24651,0,127202,128644,292,0,0
1965135,0,1,0,0,1273,0,0,24736,0,128940,0,277,0,0
1965204,20810,0,16473,54,330,44,15027,11327,0,128549,126885,277,0,0
1965879,15352,0,6600,0,1286,0,9697,20805,0,28154,126819,277,0,0
1967742,13447,0,9818,212,1300,43,24001,15021,0,29793,111070,181,0,0
1969682,39854,0,24503,867,1300,44,11146,24847,0,127597,127251,277,0,0
1979794,11151,0,14005,0,1311,0,24820,6178,0,128426,127038,294,0,0
1981010,30676,0,19963,631,1286,0,24679,24820,0,45283,126817,277,0,0
1981161,0,0,0,0,1341,0,0,24959,0,127038,0,277,0,0
1983225,0,1,0,0,1278,0,0,24815,0,127038,0,277,0,0
1986616,16614,0,21070,197,1286,0,2041,13345,0,69157,30245,276,0,0
1986966,77384,0,36309,700,1272,0,6113,7020,0,128426,128667,277,0,0
1988625,33892,0,37071,141,1332,0,7955,24524,0,93455,128383,277,0,0
1988649,73247,0,29005,0,1358,0,1815,24564,0,101133,122718,277,0,0
1989264,42351,0,2961,0,0,0,5440,24499,0,128644,126885,0,0,0
1991497,47289,0,20044,1144,1358,44,24819,24847,0,126885,78849,277,0,0
1999324,15352,0,18508,0,1311,12,24612,24503,0,128426,60880,277,0,0
1999671,70947,0,35928,0,1286,0,24476,24815,0,50122,38699,277,0,0
2044127,15352,0,37763,0,1341,0,24815,20443,0,128426,126885,277,0,0
2671204,56939,0,6723,0,1257,0,24499,24476,0,100797,127387,277,0,0
3111930,35616,0,29794,339,1358,0,9232,24564,0,127277,22827,0,0,0
3173546,11085,0,8643,925,1294,8,13819,24489,0,128426,127038,277,0,0
3304039,0,0,0,0,1357,0,0,24829,0,128638,0,283,0,0
3849421,68534,0,42286,1144,1351,44,11776,24556,0,18630,70875,277,0,0
5114588,9078,0,28239,0,1356,0,24959,24562,0,128426,127038,277,0,0
5398766,10204,0,1233,0,1351,0,24825,24556,0,127038,126670,0,0,0
6137338,22562,0,38867,0,621,0,4994,11454,0,128197,127038,277,0,0
6544121,0,0,0,0,1277,0,0,24815,0,128426,0,277,0,0
6896400,0,1,0,0,1337,0,0,24825,0,127735,0,277,0,0
7003391,31460,0,35999,987,1351,0,24825,24556,0,127038,126670,277,0,0
7926018,24495,0,24487,0,1351,0,24825,24556,0,127038,128667,277,0,0
8022081,0,1,0,0,1351,0,0,24556,0,126670,0,277,0,0
8433581,0,1,0,0,1337,0,0,24459,0,127174,0,277,0,0
8919089,47029,0,17326,699,1358,0,2207,24564,0,127202,97084,0,0,0
10239019,36824,0,36906,0,1341,0,18110,24514,0,128162,127092,277,0,0
12050516,43957,0,34678,1144,1341,0,24562,24959,0,27890,84327,277,0,0
14377547,37473,0,20015,0,1356,0,24476,24815,0,127433,7801,277,0,0
14898186,57018,0,28034,0,656,0,24476,24815,0,127202,127038,277,0,0
16810704,69678,0,42584,0,1286,0,24613,24901,0,126969,109879,277,0,0
17789938,3301,0,827,0,1293,0,24562,24910,0,107536,121566,0,0,0
18135822,0,1,0,0,1351,0,0,24556,0,128328,0,277,0,0
19267666,0,1,0,0,1293,0,0,24910,0,127229,0,277,0,0
19504407,0,1,0,0,1351,0,0,24556,0,127038,0,277,0,0
20356733,75144,0,29489,0,1293,0,24815,24910,0,128667,82357,277,0,0
21369704,4231,0,19916,0,1337,0,24959,24825,0,114732,99849,277,0,0
23402471,60397,0,32436,0,1341,0,9237,20844,0,55407,100967,277,0,0
23954109,13325,0,13097,0,1341,0,24556,24959,0,127433,108294,0,0,0
26718353,70347,0,19511,1115,1356,0,20254,3777,0,55747,87613,277,0,0
27152913,57491,0,40157,1211,1351,16,24825,24556,0,127038,128667,272,0,0
27773000,57308,0,36700,916,656,0,24446,17592,0,127202,128667,255,0,0
27816811,0,1,0,0,1351,0,0,24556,0,127911,0,277,0,0
28356393,2743,0,35667,1144,1021,0,24947,14562,0,120541,117944,124,0,0
29023706,58387,0,36894,1157,384,0,11219,24610,0,126975,126885,0,0,0
30319311,37542,0,8423,0,158,0,13988,24489,0,127328,35819,277,0,0
31239895,30749,0,39373,0,0,0,12438,16532,0,103486,126605,0,0,0
31621011,60563,0,4682,1144,1093,44,276,1331,0,8080,100817,277,0,0
33136745,5019,0,38201,0,1351,0,24825,24556,0,127038,126670,0,0,0
33194727,48666,0,25316,1144,1351,44,24825,24556,0,127038,127251,277,0,0
37494799,2949,0,6432,867,651,0,24815,6268,0,37482,128714,294,0,0
37721629,41921,0,8881,1144,1341,0,24740,24959,0,27890,34484,277,0,0
38764718,35214,0,190,0,330,0,11454,4994,0,124126,62471,250,0,0
39169380,16382,0,6685,980,1358,44,7782,24847,0,101133,127408,260,0,0
39217891,63717,0,1968,0,1351,44,24901,24556,0,127038,127251,277,0,0
40533940,41556,0,40552,0,1279,0,130,7366,0,128667,53728,277,0,0
40753175,50313,0,34335,0,1351,0,24825,24556,0,30452,17741,248,0,0
41554823,17463,0,8285,1144,1341,0,24562,24959,0,27890,122763,277,0,0
42294818,0,0,10346,0,656,0,24928,17592,0,127202,128549,0,0,0
42299665,62002,0,34265,1144,130,0,24476,24161,0,128426,128549,294,0,0
42355707,16445,0,9796,0,1279,44,24755,24613,0,127861,98398,277,0,0
42490190,0,1,0,0,1337,0,0,24909,0,127038,0,277,0,0
43335747,54451,0,27747,1144,1351,44,10332,24556,0,49795,121270,277,0,0
44410582,74993,0,25184,1138,1249,44,24476,24815,0,49976,126223,277,0,0
44641638,73046,0,27975,0,656,0,15834,17592,0,127202,29411,0,0,0
47391891,62685,0,42255,0,1315,0,24815,24898,0,49567,127890,277,0,0
47808634,15352,0,28530,0,333,0,24592,24565,0,128426,128197,277,0,0
48216667,49523,0,31894,0,1351,0,24825,24556,0,127038,104531,277,0,0
49386818,0,1,0,0,1337,0,0,24825,0,127884,0,277,0,0
50089303,34112,0,14304,0,62,0,1595,14368,0,127890,71600,277,0,0
51545606,17244,0,4852,730,1279,0,11366,16299,0,43172,13361,277,0,0
51689837,70257,0,31855,0,1286,0,24825,24901,0,128719,126885,277,0,0
52129591,75562,0,2071,1115,1351,44,24825,24556,0,127038,24886,289,0,0
52700318,0,1,0,0,1296,0,0,24769,0,128644,0,277,0,0
54865315,48217,0,16192,0,1296,0,12542,24769,0,128644,128902,0,0,0
54995969,69911,0,38208,0,1257,0,12006,24712,0,23714,128719,277,0,0
55517912,24495,0,23674,0,1358,0,24844,24564,0,103761,128235,277,0,0
56087922,76270,0,30324,0,1301,0,15734,24898,0,18349,96983,277,0,0
57555980,75922,0,41572,940,1257,44,18134,24592,0,88746,118781,277,0,0
57798471,26633,0,38201,1210,1351,44,24825,24556,0,18385,128549,260,0,0
58263027,63873,0,254,980,1257,0,24860,11641,0,16792,127890,277,0,0
60866758,0,1,0,0,1337,0,0,24601,0,128846,0,244,0,0
62991042,76328,0,25699,0,1356,0,5981,21828,0,126573,127772,0,0,0
63283859,33617,0,1114,1117,989,0,6965,22639,0,126885,127820,0,0,0
63489929,59015,0,13492,631,1329,26,24161,24815,0,48234,4275,277,0,0
64231867,62431,0,25361,730,1311,0,24503,24514,0,126885,113715,294,0,0
65151197,70191,0,9796,0,1294,0,24959,24916,0,128426,127861,277,0,0
65293457,21139,0,40086,0,1351,44,24825,24556,0,127038,126670,277,0,0
66104323,74421,0,35999,631,1351,44,24476,24815,0,127038,128644,277,0,0
67143323,23116,0,17093,1144,1341,0,24556,24959,0,27890,99454,277,0,0
67204010,0,1,0,0,1273,0,0,24830,0,127078,0,260,0,0
67892682,67337,0,32251,672,1296,42,24916,24769,0,128644,127038,277,0,0
68799740,74298,0,7621,1144,1293,0,24476,24815,0,63883,6554,277,0,0
69052901,32569,0,19469,0,1351,0,24825,24556,0,127038,128426,277,0,0
69624144,7771,0,24387,631,1341,44,24899,24959,0,8362,126969,277,0,0
70037708,31460,0,249,225,1341,0,24562,24959,0,27890,126817,277,0,0
70200400,0,0,0,0,1293,0,0,24910,0,128667,0,0,0,0
70463837,75144,0,9421,0,1351,0,17560,23047,0,127038,128426,277,0,0
70487596,19681,0,40157,0,1351,0,24825,24556,0,127038,127251,277,0,0
73583860,43446,0,13635,0,1279,0,24815,21129,0,50713,126885,277,0,0
73767384,50313,0,27437,0,1351,0,24825,24556,0,84468,128846,260,0,0
74061245,50397,0,36187,1144,1293,0,24597,24815,0,54280,42828,277,0,0
74910860,57180,0,29212,0,656,0,24446,17592,0,127202,78515,277,0,0
76636976,35089,0,40157,1144,1351,0,24476,24815,0,127038,128644,277,0,0
78472331,0,1,0,0,1351,0,0,24556,0,127666,0,277,0,0
79280249,72501,0,28525,817,1358,44,24597,24815,0,126969,126614,277,0,0
80498353,64721,0,30732,0,742,0,18700,904,0,126992,126616,0,0,0
80997184,21682,0,16196,269,486,44,24815,6268,0,127433,128162,294,0,0
81086651,49505,0,39946,0,1351,0,24825,24556,0,127038,126670,277,0,0
81162651,0,0,0,0,1279,0,0,24613,0,128426,0,277,0,0
81716407,53450,0,2663,0,1279,0,704,24820,0,80045,128719,277,0,0
81824666,27634,0,959,0,911,0,11216,6444,0,126885,34186,0,0,0
82895350,53299,0,19583,1144,1351,0,24825,24556,0,75572,82388,277,0,0
83741552,58386,0,29446,0,1351,0,24562,24556,0,78730,34599,294,0,0
85089691,74298,0,19400,1144,1293,0,24659,24815,0,128667,113390,277,0,0
85467018,41100,0,6027,0,1007,0,24825,8917,0,126885,19967,0,0,0
85777093,40060,0,38201,1144,1351,0,24825,24556,0,127038,128644,277,0,0
86762634,10453,0,22437,0,954,0,11667,4925,0,31813,96961,286,0,0
86904342,2720,0,28657,1144,254,44,24496,24815,0,46562,126595,277,0,0
88087196,53878,0,30317,0,1351,0,24825,24556,0,127038,127251,277,0,0
91986422,28726,0,41102,1144,1351,44,24825,24556,0,9419,29930,260,0,0
94612663,0,1,0,0,1337,0,0,24825,0,128398,0,255,0,0
94788795,0,0,26673,0,0,0,24815,6268,0,127433,128902,294,0,0
98291024,0,0,0,0,1286,0,0,24901,0,127987,0,283,0,0
98342524,61213,0,30578,395,1356,0,24919,2286,0,34049,79731,277,0,0
98622476,69574,0,28167,0,1341,0,24825,24959,0,126605,128549,0,0,0
99622088,58915,0,8817,868,1351,0,24825,24556,0,71755,128694,277,0,0
99670896,56497,0,40157,0,1351,0,24825,24556,0,52834,128902,277,0,0
101008236,24495,0,18117,0,1351,0,24825,24556,0,127038,126670,277,0,0
102042281,0,1,0,0,1337,0,0,24825,0,128740,0,277,0,0
102653512,59919,0,39731,1144,1351,44,24825,24556,0,127038,126670,277,0,0
102886851,28152,0,36051,1144,1294,0,12108,24916,0,8968,4596,277,0,0
103057287,73455,0,10808,0,1315,0,24614,24651,0,89712,10242,0,0,0
103434922,1599,0,27604,0,656,0,13805,17592,0,127202,73202,0,0,0
104312764,9924,0,21856,0,1002,0,7649,16508,0,128426,91540,277,0,0
104313664,34059,0,40111,1016,406,0,24597,24815,0,69601,127906,277,0,0
104810373,5365,0,20493,1138,1356,0,24959,24562,0,99632,73260,260,0,0
104935066,42859,0,6320,1138,1273,44,24898,16474,0,49976,104428,277,0,0
105936170,12253,0,9474,1144,1137,0,9758,21299,0,25821,127861,277,0,0
106681665,0,1,0,0,1264,0,0,24595,0,128426,0,0,0,0
107853771,75973,0,35999,0,1351,0,24825,24556,0,127038,52705,260,0,0
108020655,45120,0,20493,1144,658,44,24476,24815,0,109169,87986,277,0,0
108509106,31398,0,28765,1144,1296,8,24916,24769,0,128644,128902,0,0,0
109700315,26729,0,4865,0,656,0,10046,17592,0,127202,128234,0,0,0
109874394,3861,0,17246,1144,1351,0,24825,24556,0,60422,53867,277,0,0
110813550,63873,0,4012,1138,1257,44,24476,24161,0,126969,127906,294,0,0
111777378,67718,0,7131,0,1279,0,24476,24815,0,126885,21578,277,0,0
112850760,52600,0,33766,1144,1356,42,24161,24815,0,128426,128667,277,0,0
112896520,60144,0,17246,0,1351,0,24825,24556,0,127038,126670,275,0,0
112937069,50056,0,1506,1144,1351,0,24825,24556,0,84045,42524,277,0,0
112995556,0,1,0,0,1351,0,0,24556,0,127136,0,260,0,0
113963352,52374,0,35350,576,0,0,11356,24947,0,124126,98456,255,0,0
115701246,44466,0,30467,1119,1277,14,24597,24815,0,126884,105489,277,0,0
115718142,24634,0,20149,661,1296,35,24916,24769,0,128644,127038,277,0,0
116548206,54161,0,6748,1144,1337,0,24815,24476,0,58539,79702,277,0,0
118046405,54633,0,28034,0,1031,0,21597,21020,0,128609,71940,0,0,0
118501220,31253,0,9109,0,1280,0,24597,24815,0,126969,105201,277,0,0
119316583,0,0,11140,0,0,0,0,0,0,103486,38499,0,0,0
119540048,43923,0,28382,1144,1341,0,10467,9176,0,126819,55343,277,0,0
123737198,2180,0,3803,1144,1351,0,24825,24556,0,127038,127251,277,0,0
124137051,28045,0,15502,0,1293,44,23393,137,0,128667,113464,284,0,0
127517806,34069,0,32520,1144,1358,44,24815,6268,0,124780,95143,294,0,0
130353321,16689,0,14304,0,683,0,4994,3925,0,125559,60573,277,0,0
133640019,29996,0,8033,0,772,44,10863,2533,0,128609,19616,0,0,0
135285745,68105,0,28366,1144,1351,0,24614,24556,0,34138,108636,277,0,0
137238378,59015,0,26168,672,196,42,24901,1760,0,126702,127251,277,0,0
137734242,75349,0,21013,0,565,0,24161,24815,0,77369,101992,277,0,0
138192511,55958,0,35999,1144,1351,0,24825,24556,0,46677,111333,277,0,0
138217214,59755,0,1764,1144,1341,0,24562,24959,0,27890,70462,277,0,0
138826371,62704,0,15893,0,1293,0,6143,24910,0,128667,92916,0,0,0
139299795,59899,0,39468,1144,1281,0,24728,24847,0,128426,127597,277,0,0
139585580,0,0,0,0,0,0,0,0,0,0,0,0,0,0
139670361,9144,0,40700,0,0,0,11263,6457,0,108419,7193,0,0,0
141920684,0,0,0,0,1351,0,0,24815,0,128390,0,277,0,0
143202244,63200,0,19300,1138,1358,44,24540,24499,0,26503,128570,277,0,0
143917974,75788,0,10592,0,1351,0,24825,24556,0,40762,35234,277,0,0
145401736,40641,0,25316,568,1351,44,24476,24815,0,127038,128667,277,0,0
145549327,0,1,0,0,1337,0,0,24825,0,127038,0,255,0,0
146940961,45356,0,9726,0,17,0,24815,6268,0,127277,128667,294,0,0
147470112,0,0,0,0,1351,0,0,24556,0,127038,0,255,0,0
148082701,22319,0,29212,0,656,0,24446,17592,0,13361,95871,277,0,0
150814946,33530,0,9951,0,160,0,24476,24815,0,89062,67899,277,0,0
151308629,66409,0,29730,1115,656,44,24740,17592,0,127202,128426,277,0,0
151609698,1445,0,37304,0,1296,0,16629,24499,0,128644,122347,277,0,0
152715128,0,1,0,0,1351,0,0,24556,0,127038,0,277,0,0
154833956,22562,0,17246,0,1351,15,24825,24556,0,20657,126573,277,0,0
155272316,22155,0,12676,980,1281,44,7023,24489,0,68340,126969,277,0,0
155329262,21283,0,38949,527,41,0,22368,24847,0,99712,47820,277,0,0
155579055,51995,0,38355,1144,1341,0,24562,24959,0,27890,113390,277,0,0
157791679,0,1,0,0,1337,0,0,24825,0,127038,0,277,0,0
160205361,24495,0,14179,0,362,0,24565,15830,0,128426,90920,277,0,0
161147300,6668,0,702,0,1351,44,24825,24556,0,127038,93223,277,0,0
161614515,68674,0,2278,1144,1328,44,24815,24606,0,49976,37922,260,0,0
162432291,5376,0,12851,635,1341,0,15301,24758,0,9403,36025,277,0,0
162878090,50397,0,36187,1144,1293,0,24597,24815,0,54280,42828,277,0,0
163696803,20967,0,15734,1231,1032,44,1526,1259,0,52317,49305,276,0,0
164002734,0,0,28034,0,656,0,955,17592,0,35997,91806,0,0,0
165099707,76652,0,15830,631,1277,44,24959,24612,0,128162,126885,277,0,0
165621647,63873,0,25576,1144,1358,12,24597,24815,0,31034,73273,277,0,0
165776436,26633,0,20956,1210,550,44,24161,24815,0,17969,7911,277,0,0
165968354,8231,0,29731,0,1341,0,24562,24959,0,126819,126969,0,0,0
166007515,5491,0,9951,730,1009,44,24864,2776,0,100136,68856,277,0,0
166780307,74467,0,20493,980,1247,44,24587,24815,0,102375,7788,277,0,0
167333165,58401,0,12410,1144,1351,0,24825,24556,0,127038,71395,277,0,0
168489488,67500,0,24886,236,1351,0,24825,24556,0,49126,8317,277,0,0
169522737,2241,0,12525,300,1349,0,24922,24842,0,128426,127202,0,0,0
170719338,0,1,0,0,1351,0,0,24556,0,126670,0,277,0,0
172383107,0,1,0,0,1279,0,0,24613,0,126962,0,260,0,0
175175391,8793,0,30357,1144,1351,41,24825,24556,0,127355,60912,277,0,0
175238601,52386,0,25924,0,1351,0,21309,24556,0,16074,126573,277,0,0
176039345,1913,0,39826,1079,1279,0,24815,24476,0,79946,128532,277,0,0
176122260,39754,0,5539,0,1247,26,10730,5678,0,78355,127582,76,0,0
176508424,4638,0,42286,11,1351,44,24901,24556,0,127038,89587,255,0,0
179477870,60010,0,28034,0,1044,42,19824,1272,0,49976,71096,275,0,0
179794777,59015,0,3243,730,1186,0,24489,1031,0,126605,76852,260,0,0
179814250,74298,0,7621,0,1293,0,24476,24815,0,128667,127038,277,0,0
179972913,0,1,0,0,1351,0,0,24556,0,127038,0,288,0,0
180850491,37974,0,7554,0,1273,0,10186,24898,0,128426,16356,277,0,0
181424088,0,1,0,0,1351,0,0,24960,0,128311,0,277,0,0
181459283,50397,0,36187,1144,1293,0,24597,24815,0,54280,42828,277,0,0
181654439,46426,0,32436,415,1337,44,24476,24815,0,127433,124167,277,0,0
183120061,48517,0,28999,0,1341,0,24562,24959,0,27890,126969,277,0,0
183600564,24634,0,42070,376,1296,44,24901,24769,0,128644,128426,277,0,0
183717026,13952,0,36968,0,1257,0,24712,16178,0,127433,45938,0,0,0
183868316,50313,0,30357,1144,1351,0,24825,24556,0,127038,126670,260,0,0
183984262,29905,0,7621,953,1293,0,24863,24815,0,128667,83302,277,0,0
184660633,11838,0,34024,1138,1315,44,14608,24773,0,128426,127202,277,0,0
187501619,77026,0,32948,0,1281,0,9333,24489,0,128426,99157,277,0,0
188357431,21053,0,35999,1144,1351,0,24825,24556,0,127038,128644,277,0,0
188429772,42411,0,19626,0,297,0,24161,24815,0,127202,8306,277,0,0
188958994,31795,0,2320,0,901,44,24613,4193,0,1211,120428,277,0,0
189337794,74298,0,36340,1144,1293,44,24613,24910,0,72232,26287,259,0,0
190196010,0,0,38864,0,656,0,24476,24815,0,2259,126819,277,0,0
191721813,46941,0,34755,1144,158,0,24712,12454,0,13204,27890,277,0,0
191907197,63302,0,20493,0,1249,44,24562,24864,0,106262,65956,277,0,0
192230665,0,1,0,0,1341,0,0,24815,0,127506,0,277,0,0
192914986,0,0,25976,0,1341,0,14290,5038,0,127433,118077,277,0,0
194456776,20541,0,5050,1144,1279,0,8400,15386,0,119194,89049,277,0,0
198827109,69808,0,20021,931,800,44,24959,14710,0,128162,64481,250,0,0
199908142,74224,0,4750,0,1286,0,1654,5994,0,62499,18699,252,0,0
