tid,LEGAL_SCJUDGE,LEGAL_DESIGN,LEGAL_GEN,LEGAL_PATENT,LEGAL_TRADEMARK,LEGAL_COPYRIGHT,LEGAL_RESERVATION_CATEGORY,LEGAL_CRIMINAL_PROCEDURE,LEGAL_ENTITY,LAW,INFRINGEMENT,PERSON,NATION/RELIGIOUS/POL_GROUP,GEOGRAPHICAL_LOC,LANGUAGE,LOCATION_STRUCTURE,LOCATION,CONTACTNAME,ORGANIZATION,ORGANIZATION2,GEOGRAPHY2,DATETIME,PERCENT,COPYRIGHT_ACT,PATENTS_ACT,DESIGNS_ACT,INFORMATION_TECHNOLOGY_ACT,TRADEMARK_ACT
928322,0,5,21,0,0,0,4,4,7,102,0,756,53,105,2,166,116,3,174,81,246,286,3,0,0,0,0,0
699319,20,8,15,0,0,0,4,4,1,8,1,93,128,105,0,2,116,10,205,50,66,230,3,0,0,0,0,0
1988649,7,3,15,0,0,0,4,4,7,174,0,545,1,232,0,248,256,279,48,50,0,282,3,0,0,0,0,0
1362442,0,5,19,0,0,0,4,4,4,165,0,226,1,229,0,270,18,345,48,50,0,125,12,0,0,0,0,0
357132,0,0,5,0,0,0,4,10,9,543,0,474,53,24,0,415,200,47,205,50,0,120,3,0,0,0,0,0
1722050,0,8,15,0,3,0,4,25,7,258,0,163,5,105,5,19,225,108,42,46,0,152,56,0,0,0,0,0
985842,0,8,1,0,0,7,4,39,7,214,0,575,1,278,0,392,106,32,174,144,0,172,30,0,0,0,0,0
617044,9,5,21,0,0,0,4,4,7,332,1,575,1,173,0,327,171,396,48,50,45,240,3,0,0,0,0,0
1885635,0,1,1,0,0,0,4,22,7,123,0,109,58,203,0,281,98,277,217,50,0,139,3,0,0,0,0,0
104810373,39,6,1,0,0,13,4,8,10,62,0,657,53,105,0,2,116,10,60,144,211,185,11,0,0,0,0,0
4354,21,8,5,0,0,0,4,39,7,8,1,126,5,105,2,440,189,10,174,144,180,36,3,0,0,0,0,0
174974,0,8,5,5,0,7,4,16,4,104,1,650,21,260,2,367,261,35,174,144,19,230,98,0,0,0,0,0
1341112,7,8,1,0,0,0,7,23,4,8,0,298,66,37,2,473,225,10,174,144,253,144,86,0,0,0,0,0
64332,0,8,1,0,0,0,4,23,4,191,0,431,53,54,0,130,116,10,92,23,170,21,17,0,0,0,0,0
334293,21,8,5,0,0,7,4,5,10,8,0,228,53,105,2,186,116,10,205,144,37,91,108,0,0,0,0,0
137050,0,7,21,0,0,0,0,4,7,519,0,65,1,129,0,2,225,193,215,118,0,141,3,0,0,0,0,0
30319311,0,0,6,0,0,0,0,39,4,147,0,40,1,6,0,2,181,197,37,8,0,320,3,0,0,0,0,0
832781,36,5,1,0,0,0,4,39,10,8,0,520,1,311,0,237,217,10,68,67,317,115,86,0,0,0,0,0
1567371,0,3,13,2,0,0,4,4,10,90,1,155,1,18,0,288,232,35,48,50,3,104,3,0,0,0,0,0
76636976,0,7,10,6,8,3,4,0,7,456,1,334,40,297,0,455,76,10,222,50,254,167,3,1,1,1,0,1
1168060,0,0,21,0,0,0,0,38,10,8,0,115,1,245,0,2,86,10,48,50,0,98,3,0,0,0,0,0
634266,7,3,15,0,0,0,4,48,10,8,0,182,1,66,0,2,75,10,48,50,0,129,3,0,0,0,0,0
1664373,0,7,21,0,0,7,4,0,10,245,0,696,53,54,2,256,7,10,48,50,0,141,53,0,0,0,0,0
42294818,0,6,13,0,0,0,0,-1,1,2,0,705,1,0,0,99,0,401,153,69,0,302,3,0,0,0,0,0
1350547,0,7,5,0,0,0,0,4,2,8,0,47,13,105,0,20,61,10,174,144,0,210,3,0,0,0,0,0
199977,0,0,13,0,0,0,4,4,2,159,0,550,1,280,0,2,222,327,119,191,0,146,3,0,0,0,0,0
48216667,0,6,13,0,1,7,4,51,4,415,1,52,1,70,0,1,225,296,10,63,0,154,3,0,0,0,0,1
611025,15,8,1,0,8,0,0,51,4,206,1,439,48,198,0,225,116,272,48,50,0,175,53,0,0,0,0,0
762747,0,8,15,0,0,0,4,4,10,8,0,338,32,54,0,192,144,10,98,50,147,166,3,0,0,0,0,0
268937,18,8,1,0,0,0,0,25,7,491,0,225,19,38,2,323,23,396,48,50,4,131,3,0,0,0,0,0
104312764,0,7,13,0,0,7,4,4,4,297,0,358,1,105,0,2,116,100,48,50,31,94,11,0,0,0,0,0
353751,0,8,13,1,0,0,4,4,10,201,0,359,1,124,0,2,128,230,205,50,0,305,3,0,0,0,0,0
584252,0,8,15,0,0,0,4,16,4,481,0,279,1,105,2,424,75,10,205,50,0,204,96,0,0,0,0,0
1327080,30,8,10,0,8,3,0,4,7,420,1,575,1,66,0,369,75,10,48,50,0,105,3,1,0,0,0,1
1426304,0,5,21,0,0,0,0,39,7,378,0,268,21,64,0,2,75,172,48,50,0,174,3,0,0,0,0,0
1951505,0,8,1,0,0,7,0,38,4,320,1,7,144,173,0,437,171,8,47,49,140,31,3,0,0,0,0,0
91635,0,7,21,0,0,3,0,39,10,8,1,41,1,105,0,219,116,10,48,50,323,138,3,0,0,1,0,0
8919089,0,0,-1,0,0,0,-1,-1,-1,486,0,489,30,107,0,2,0,162,137,144,0,184,3,0,0,0,0,0
844819,0,8,13,0,0,0,4,4,2,477,0,392,48,76,2,2,40,10,205,172,0,218,3,0,0,0,0,0
634059,0,8,3,0,0,0,4,4,7,119,0,566,2,119,0,2,87,142,205,172,0,293,3,0,0,0,0,0
1013766,49,7,21,0,0,0,4,4,4,102,0,226,53,105,0,326,247,10,51,53,197,233,3,0,0,0,0,0
1187885,0,0,1,0,0,0,0,5,10,252,0,584,53,139,0,2,154,205,41,43,0,110,3,0,0,0,0,0
68469,0,5,21,1,0,0,4,4,10,8,0,19,1,281,0,2,80,86,48,50,234,72,3,0,0,0,0,0
1771435,0,0,1,0,0,0,0,16,4,277,0,752,1,53,0,371,0,135,48,50,234,151,17,0,0,0,0,0
557368,0,2,21,0,0,0,4,51,7,242,0,76,1,197,2,450,156,360,205,3,24,277,3,0,0,0,0,0
743158,32,5,15,2,0,0,4,4,10,251,1,601,1,54,0,242,50,362,48,50,112,175,3,0,0,0,0,0
1928398,0,8,15,0,0,0,0,51,0,130,1,305,1,66,0,2,111,195,48,50,0,195,3,0,0,0,0,0
309271,0,8,1,0,0,0,4,16,4,26,0,672,1,17,2,2,79,35,48,50,0,125,3,0,0,0,0,0
1295746,0,6,21,0,0,0,0,4,4,363,0,161,1,229,0,2,166,54,71,144,66,239,59,0,0,0,0,0
938898,0,5,6,1,0,0,4,4,4,546,0,620,1,213,0,2,207,10,48,50,163,128,3,0,0,0,0,0
1134697,26,8,2,0,0,7,-1,54,9,57,1,119,113,105,2,257,116,10,174,144,19,91,98,0,0,0,0,0
1505859,0,2,11,0,0,0,4,4,4,232,0,375,111,216,2,422,161,243,205,50,0,230,3,0,0,0,0,0
310087,0,0,3,0,0,0,4,39,8,454,0,366,53,105,0,400,116,236,84,53,0,162,3,0,0,0,0,0
91986422,27,8,21,6,10,0,4,3,8,8,1,129,53,105,2,115,70,10,171,140,135,191,24,0,1,0,0,0
380655,32,0,13,0,0,0,0,4,10,208,0,383,1,75,0,56,124,60,48,144,0,254,71,0,0,0,0,0
1830927,36,8,13,1,0,2,4,16,9,104,0,258,53,105,2,409,116,167,48,50,183,143,3,0,0,0,0,0
33136745,0,7,1,0,8,0,0,22,4,531,1,51,1,27,0,2,256,373,48,63,309,149,3,0,0,0,0,0
912526,42,8,1,0,0,0,0,0,7,150,0,77,1,308,0,63,184,273,205,50,0,261,3,0,0,0,0,0
292286,0,8,21,0,0,7,0,54,8,350,0,506,1,203,0,161,299,312,180,45,0,308,3,0,0,0,0,0
1716282,0,1,1,0,0,0,4,5,4,526,0,765,53,217,2,448,164,10,174,144,244,50,3,0,0,0,0,0
429924,0,0,21,0,0,0,0,16,4,238,0,118,1,125,0,199,53,167,184,151,0,86,3,0,0,0,0,0
176039345,6,8,1,0,0,0,0,16,10,8,0,244,33,105,0,391,116,10,48,50,0,185,3,0,0,0,0,0
508915,0,5,10,1,0,0,4,4,10,199,1,708,21,105,2,171,75,402,48,50,219,149,3,0,0,0,0,1
810279,0,8,21,0,0,2,7,4,10,387,0,163,53,105,2,407,116,10,48,53,0,110,119,1,0,0,0,0
88087196,0,8,6,0,8,4,0,16,4,286,1,603,1,66,0,36,72,246,49,51,0,165,3,1,0,0,0,1
309307,9,5,21,0,0,0,4,16,10,255,0,288,112,62,0,2,63,32,205,172,0,118,3,0,0,0,0,0
69624144,8,8,21,0,0,0,4,29,4,8,0,258,40,66,2,168,75,10,48,50,207,120,3,0,0,0,0,0
170697,30,8,1,1,0,7,4,33,7,79,0,255,144,105,0,2,220,164,205,172,155,15,3,0,0,0,0,0
1154981,28,8,1,0,0,0,4,0,10,440,0,766,1,308,0,350,299,10,48,50,237,121,3,0,0,0,0,0
1474119,0,8,5,0,0,0,2,16,4,104,0,141,53,105,2,211,133,10,174,144,19,227,120,0,0,0,0,0
42355707,33,8,15,0,0,7,0,4,10,299,0,673,1,130,2,473,39,132,170,35,0,174,36,0,0,0,0,0
146940961,0,8,20,0,0,0,0,16,8,181,0,433,1,211,0,2,298,429,48,50,0,178,3,0,0,0,0,0
1278222,0,1,13,0,0,0,0,39,4,388,0,280,1,82,0,449,256,408,230,192,0,98,3,0,0,0,0,0
62991042,0,8,-1,0,0,0,4,4,10,551,0,701,1,306,0,306,74,46,48,141,220,170,3,0,0,0,0,0
223504,15,8,13,0,0,-1,7,38,8,104,1,84,53,105,2,123,116,10,75,71,249,110,45,0,0,0,0,0
31239895,0,0,6,0,0,0,0,11,9,544,0,484,1,301,0,2,281,72,174,144,0,185,3,0,0,0,0,0
582634,0,8,13,0,0,2,4,36,4,500,1,480,1,58,0,92,199,423,55,50,11,200,3,1,0,0,0,0
2671204,0,8,15,0,0,0,4,4,-1,264,0,588,1,156,0,2,154,278,96,50,3,96,3,0,0,0,0,0
1030976,39,8,1,0,0,7,0,16,1,446,0,525,1,225,0,2,120,263,228,191,0,153,3,0,0,0,0,0
1905157,0,8,1,6,0,0,0,38,4,8,1,704,23,168,0,58,86,303,48,50,236,99,3,0,1,1,0,0
672966,0,8,21,0,8,3,4,0,7,128,1,441,9,66,0,2,75,279,48,50,7,287,3,1,0,0,0,0
528391,0,7,-1,0,8,7,0,-1,1,82,1,407,95,173,0,82,171,262,48,50,0,56,3,0,0,0,0,1
94788795,0,0,19,0,0,0,0,16,2,2,0,101,1,104,0,2,0,95,48,50,0,238,3,0,0,0,0,0
292442,0,0,21,0,0,0,0,30,2,283,0,131,48,156,0,2,40,74,222,183,0,329,68,0,0,0,0,0
52129591,0,8,21,6,0,7,2,16,7,108,0,138,53,105,2,406,116,10,53,54,75,260,39,1,1,1,0,1
1187886,0,0,13,0,0,0,0,4,7,517,0,666,1,194,0,2,116,32,50,130,0,3,3,0,0,0,0,0
1022584,0,8,11,0,0,0,0,40,10,8,0,585,53,231,0,2,89,184,48,50,192,120,3,0,0,0,0,0
486081,30,5,5,0,0,0,4,38,8,47,1,597,1,57,0,2,50,395,48,50,172,172,51,0,0,0,0,0
860600,38,5,1,2,6,4,0,26,4,88,1,123,1,58,0,37,56,68,48,50,0,176,77,1,0,0,0,1
444303,0,5,2,0,0,0,4,4,4,493,0,629,48,247,12,2,264,377,205,172,0,69,3,0,0,0,0,0
1341716,0,8,1,0,0,0,4,16,10,142,0,579,1,299,0,2,66,84,228,191,95,175,110,0,0,0,0,0
1877462,0,8,21,0,0,0,4,38,10,8,0,732,129,270,0,31,134,10,222,144,97,109,3,0,0,0,0,0
1500505,0,5,1,0,0,0,0,3,4,335,0,691,53,105,0,2,116,262,48,50,204,104,53,0,0,0,0,0
1353689,12,8,11,2,0,0,7,51,4,419,1,258,53,159,2,31,67,10,48,50,125,100,86,0,0,0,0,0
994554,38,8,1,0,0,7,0,41,4,8,0,122,1,217,0,282,213,364,75,71,0,97,25,0,0,0,0,0
6544121,15,8,1,1,0,7,4,39,10,60,0,207,1,260,0,95,261,10,48,50,19,170,100,0,0,0,0,0
6137338,0,5,21,0,0,0,7,16,4,12,1,685,1,106,0,2,117,49,48,50,0,102,3,0,0,1,0,0
1103984,0,8,15,0,0,0,4,39,8,8,0,767,99,205,0,431,218,10,97,50,281,110,3,0,0,0,0,0
465681,0,0,21,0,0,0,0,4,10,371,0,408,48,0,0,2,191,265,48,7,145,82,3,0,0,0,0,0
867423,0,8,21,1,0,0,0,4,7,244,0,671,77,229,0,2,223,181,205,172,269,147,3,0,0,0,0,0
1991497,0,6,1,0,0,0,4,39,4,8,0,703,5,272,2,482,16,264,48,50,0,110,3,0,0,0,0,0
1960330,38,8,2,0,0,5,4,16,2,477,0,388,53,166,2,398,116,10,59,144,209,109,110,0,0,0,0,0
109874394,0,8,21,0,6,8,4,19,7,356,1,193,53,195,0,23,256,10,48,50,225,268,3,1,0,1,0,0
71315,32,5,15,1,0,0,4,4,10,41,0,575,1,204,0,2,15,337,48,50,0,175,76,0,0,0,0,0
280485,0,5,6,0,0,0,4,39,4,343,0,6,1,233,0,2,116,258,48,50,0,119,29,0,0,0,0,0
1129833,0,1,15,0,0,5,0,4,8,418,0,715,1,130,2,273,132,159,205,172,110,98,3,0,0,0,0,0
639803,0,8,11,0,0,0,0,54,2,429,0,426,72,133,0,2,277,53,27,23,115,116,3,0,0,0,0,0
206804,0,3,20,0,0,0,0,5,9,353,0,237,1,126,0,476,113,50,48,50,0,252,3,0,0,0,0,0
36937,0,7,1,0,0,7,0,38,10,8,0,258,1,217,0,2,213,10,220,144,0,227,3,0,0,0,0,0
382721,0,8,2,0,0,0,4,16,10,444,0,256,5,156,0,158,154,166,48,50,266,139,3,0,0,0,0,0
379222,0,0,13,0,0,0,0,0,7,296,0,372,1,81,0,2,16,31,48,50,0,151,3,0,0,0,0,0
875590,0,8,11,0,0,0,4,0,4,104,1,662,5,105,2,378,116,10,134,117,19,192,3,0,0,0,0,0
1246653,0,8,20,0,0,13,4,16,7,422,0,544,88,105,2,120,19,10,48,50,258,289,3,0,0,0,0,0
590022,0,0,1,0,0,0,4,25,4,430,0,698,1,54,0,2,50,10,48,50,0,107,3,0,0,0,0,0
837614,0,2,1,0,0,0,6,38,4,51,0,670,58,199,2,277,287,77,42,46,0,99,107,0,0,0,0,0
176508424,0,8,19,0,0,4,4,16,10,369,1,261,38,66,2,87,116,296,48,50,0,80,3,1,0,0,0,1
39169380,0,8,1,0,0,3,4,0,7,8,0,703,5,105,2,174,116,368,48,50,3,172,3,1,0,0,0,0
37963,43,5,1,0,0,0,0,39,8,274,0,478,67,114,0,2,218,10,75,23,0,101,3,0,0,0,0,0
1641452,8,8,13,2,0,0,0,0,7,8,0,82,43,105,2,160,116,10,48,159,66,46,3,0,0,0,0,0
108020655,29,1,1,0,0,0,0,41,8,236,0,607,53,105,2,311,291,10,143,123,174,256,79,0,0,0,0,0
1700195,0,0,21,1,0,0,4,4,4,85,0,351,1,144,0,2,137,83,185,50,144,221,3,0,0,0,0,0
1697217,0,5,21,1,0,7,4,5,7,289,0,637,9,200,2,70,75,31,46,50,0,143,3,0,0,0,0,0
1831036,0,8,11,0,6,6,7,4,7,104,0,258,53,105,2,369,116,10,198,50,164,99,98,0,0,0,0,0
794955,0,5,11,0,0,0,4,4,10,233,0,640,99,311,0,2,204,183,209,174,321,231,3,0,0,0,0,0
33194727,0,8,5,6,9,7,4,40,4,8,1,562,40,105,2,2,116,10,48,50,58,183,11,1,1,1,1,1
962370,0,0,0,0,0,0,0,11,10,2,0,64,1,0,0,2,178,356,241,198,0,236,3,0,0,0,0,0
1271015,0,3,8,0,8,3,0,36,7,262,1,744,134,105,2,67,116,10,48,146,296,224,3,1,0,0,0,0
1615016,0,7,1,0,0,0,4,38,1,533,1,466,12,150,2,2,61,246,121,185,0,93,3,0,0,0,0,1
1053542,5,1,1,0,0,0,4,25,8,8,0,144,27,176,0,304,174,10,48,144,148,118,47,0,0,0,0,0
20356733,0,7,22,0,0,0,0,39,4,180,0,277,1,105,0,2,202,54,136,50,0,184,77,0,0,0,0,0
1304475,11,8,1,0,0,0,4,25,8,34,0,143,1,290,2,261,98,54,48,50,49,194,3,0,0,0,0,0
849254,0,7,21,0,0,7,0,39,8,8,0,179,5,305,0,2,299,10,48,50,110,133,30,0,0,0,0,0
241970,26,8,11,0,0,0,0,4,10,196,0,762,1,27,0,2,225,13,48,50,5,175,85,0,0,0,0,0
468834,0,8,21,0,0,0,4,5,10,462,0,518,21,266,2,464,238,10,48,50,0,148,3,0,0,0,0,0
1023674,0,5,5,0,0,0,0,0,8,176,1,100,53,272,2,2,189,10,48,94,231,136,3,0,0,0,0,0
1482259,0,-1,21,0,0,0,2,13,2,8,0,764,58,105,0,98,203,10,48,33,260,94,87,0,0,0,0,0
653417,21,5,2,0,0,0,4,5,4,34,0,30,11,105,2,405,116,10,48,50,45,98,3,0,0,0,0,0
329158,0,8,13,2,0,7,4,4,10,515,0,570,1,45,0,485,40,10,153,127,32,108,3,0,0,0,0,0
199908142,0,8,5,0,0,7,4,38,10,509,0,431,1,105,0,374,40,10,48,50,0,120,3,0,0,0,0,0
1484358,0,0,21,0,0,0,0,9,4,266,0,186,1,164,0,2,216,354,205,172,0,13,3,0,0,0,0,0
403501,0,6,7,0,0,0,4,0,10,226,0,514,1,114,0,460,12,368,48,71,3,107,3,0,0,0,0,0
1147125,0,5,15,2,0,0,4,4,4,8,0,623,53,105,2,117,116,10,48,50,197,154,30,0,0,0,0,0
17789938,0,7,10,0,8,0,0,39,8,279,1,226,1,216,0,2,202,316,136,164,0,27,3,0,1,1,0,0
491934,0,0,15,0,0,0,0,23,7,8,0,260,1,105,0,2,116,10,154,40,229,203,3,0,0,0,0,0
1763592,0,5,11,0,0,0,4,4,10,25,0,188,69,140,0,381,135,121,205,172,159,310,3,0,0,0,0,0
296025,0,0,21,0,0,8,0,4,9,307,0,254,1,15,0,2,3,163,87,50,93,143,3,0,0,0,0,0
54995969,0,5,1,0,0,0,0,54,8,226,0,574,1,156,0,439,256,41,197,172,134,185,3,0,0,0,0,0
458739,0,0,21,0,0,7,0,4,7,8,0,700,1,77,0,408,257,10,48,50,287,129,3,0,0,0,0,0
1752565,0,5,21,0,0,0,0,39,7,8,0,200,54,105,0,319,116,10,48,50,0,149,3,0,0,0,0,0
96002,0,8,21,0,0,0,4,38,10,259,0,364,1,254,2,2,131,234,205,172,0,331,3,0,0,0,0,0
128161,0,3,1,0,0,0,4,25,8,30,0,112,21,105,0,41,19,10,174,14,107,283,98,0,0,0,0,0
1341895,40,0,13,0,0,0,0,16,10,8,0,312,1,54,0,486,40,10,48,50,0,105,3,0,0,0,0,0
165621647,42,5,13,0,0,0,0,39,10,221,0,698,53,105,7,312,116,398,167,136,41,180,11,0,0,0,0,0
980877,0,3,15,0,8,7,4,38,7,139,0,454,127,105,12,2,116,220,228,87,65,131,30,0,0,0,0,0
1725672,0,8,1,0,0,5,0,0,1,541,0,684,87,161,0,2,158,10,174,144,97,109,3,0,0,0,0,0
1130742,0,6,11,0,0,0,4,4,2,428,0,166,133,179,0,116,225,32,48,50,235,45,3,0,0,0,0,0
111777378,35,8,21,2,0,0,0,38,10,9,0,605,1,159,0,338,171,426,14,50,103,169,3,0,0,0,0,0
279427,7,3,21,0,0,0,4,4,9,346,0,304,1,211,0,2,259,34,205,50,0,169,3,0,0,0,0,0
1754074,0,7,10,0,0,3,4,4,4,8,1,26,86,105,8,343,157,10,205,6,0,105,3,1,0,0,0,0
784749,0,0,21,0,0,0,0,38,2,477,0,694,1,107,0,2,0,146,93,154,0,109,3,0,0,0,0,0
732612,28,0,1,0,0,0,0,0,1,104,0,100,13,260,0,294,261,10,174,144,297,327,26,0,0,0,0,0
1414629,0,6,1,0,0,4,0,4,10,455,0,563,1,176,0,2,45,342,228,191,0,137,3,1,0,0,0,0
857323,0,5,1,0,0,13,4,4,7,8,1,150,53,105,2,249,116,10,39,183,97,222,11,1,0,0,0,0
47808634,0,8,1,0,0,13,4,16,4,37,0,696,1,279,0,153,275,397,220,50,66,25,52,0,0,0,0,0
1867924,0,0,20,0,0,0,0,4,10,211,0,346,1,141,0,2,156,345,75,71,0,140,53,0,0,0,0,0
1333219,0,7,21,0,1,0,0,4,10,460,0,473,53,105,2,2,286,290,205,50,0,235,3,0,0,0,0,1
1186368,0,2,15,0,0,0,6,54,7,470,0,229,98,105,2,91,116,167,75,71,115,36,17,0,0,0,0,0
102886851,0,7,14,0,0,0,4,16,10,213,0,130,53,257,0,2,243,73,33,191,0,151,11,0,0,0,0,0
1610804,0,3,21,0,0,0,4,4,4,495,0,464,1,258,0,2,145,10,48,4,0,111,3,0,0,0,0,0
736105,0,1,1,1,0,0,4,4,2,8,0,222,2,46,0,2,4,142,228,191,3,242,3,0,0,0,0,0
1566,0,8,10,2,0,0,4,39,8,188,1,413,93,211,0,190,201,35,75,137,293,296,3,0,0,0,0,0
605322,0,0,6,0,0,0,0,16,7,162,0,487,1,249,0,2,252,10,57,56,67,103,3,0,0,0,0,0
1902038,0,6,7,2,0,2,4,39,10,497,1,258,115,66,5,418,75,10,225,71,326,9,98,0,0,0,0,0
74910860,-1,8,3,2,0,0,4,-1,4,88,0,127,1,142,0,214,136,12,48,50,282,201,3,0,0,0,0,0
51689837,0,8,1,0,0,0,4,53,7,298,0,659,1,192,0,165,40,368,48,50,0,111,3,0,0,0,0,0
6547,0,8,3,0,0,7,7,0,7,63,0,135,127,105,2,347,110,196,39,87,19,117,53,0,0,0,0,0
1844910,-1,8,1,0,0,0,0,21,10,57,0,308,104,107,0,2,116,300,174,144,0,148,3,0,0,0,0,0
1024124,0,5,5,0,0,0,0,5,10,479,0,412,9,9,0,2,40,266,48,50,223,96,3,0,0,0,0,0
79561,0,0,13,0,0,13,4,16,7,230,0,493,53,9,0,2,0,309,39,40,0,126,3,0,0,0,0,0
119316583,0,5,0,0,0,0,0,39,8,2,0,38,1,0,0,2,0,28,21,195,0,180,3,0,0,0,0,0
1890994,7,0,1,0,0,0,4,23,7,37,0,102,11,88,0,383,191,36,205,172,0,151,3,0,0,0,0,0
982330,0,5,1,0,0,0,0,16,10,8,0,350,1,27,0,317,29,10,39,10,0,150,3,0,0,0,0,0
175238601,47,5,21,0,8,3,4,40,4,183,1,479,1,66,0,195,75,295,48,50,169,172,3,1,0,0,0,1
793618,0,7,21,0,6,3,0,16,0,280,1,96,130,235,2,143,116,110,48,50,0,167,3,0,1,1,0,0
181459283,8,8,15,2,0,7,7,16,8,449,1,117,53,105,0,369,116,10,34,30,104,185,20,0,1,0,0,0
1281050,0,5,5,0,0,7,7,4,10,37,0,4,58,290,0,353,98,7,75,144,0,326,91,0,0,0,0,0
1149874,0,1,1,2,0,0,4,0,4,8,0,258,53,288,0,2,245,10,44,120,44,122,30,0,0,0,0,0
625240,0,8,-1,0,0,-1,0,-1,7,284,1,480,53,101,2,16,265,296,141,50,79,179,3,1,0,0,0,0
871220,0,8,15,0,0,7,4,4,7,536,0,162,55,290,2,304,287,107,75,71,147,119,64,0,0,0,0,0
866760,0,2,11,0,0,0,0,48,9,443,0,134,73,143,0,432,67,386,48,144,0,112,3,0,0,0,0,0
1240131,0,0,21,0,0,7,4,4,10,8,0,230,1,105,0,2,116,10,228,53,0,110,3,0,0,0,0,0
162432291,0,1,21,0,0,0,0,16,4,542,0,124,53,105,0,2,116,70,48,144,0,170,3,0,0,0,0,0
1131957,0,8,13,0,0,3,0,16,8,456,1,580,15,105,0,2,82,10,48,50,0,105,3,1,0,1,0,0
946842,0,0,3,0,0,0,4,4,4,38,0,575,1,105,0,2,243,366,162,191,212,176,53,0,0,0,0,0
1163546,0,1,1,0,0,0,0,47,0,281,0,160,1,66,0,138,90,10,89,86,0,152,60,0,0,0,0,0
864375,44,3,15,2,0,7,4,23,7,8,1,735,53,105,0,243,116,10,42,46,0,210,86,0,0,0,0,0
1299452,0,0,1,0,7,7,0,16,7,13,0,410,1,9,0,126,11,407,205,172,0,148,3,0,0,0,0,1
306336,0,3,1,0,0,0,0,4,10,167,0,779,1,17,0,2,139,436,205,50,0,112,3,0,0,0,0,0
1732220,0,8,1,0,0,8,0,21,4,8,0,235,53,260,0,97,146,10,174,144,121,201,3,0,0,0,0,0
5114588,19,8,21,1,0,0,4,4,4,373,0,172,1,105,0,27,247,10,48,50,0,149,20,0,0,0,0,0
26718353,0,0,21,0,0,0,0,38,7,326,0,686,57,66,0,179,187,37,133,114,61,184,0,0,0,0,0,0
1742704,28,8,11,0,0,7,0,21,4,318,0,495,1,152,0,2,73,225,210,50,4,216,3,0,0,0,0,0
169522737,0,0,5,0,0,0,4,39,8,330,0,588,20,102,0,2,109,305,205,172,0,104,3,0,0,0,0,0
735457,0,5,1,0,0,7,4,0,4,269,0,596,46,45,0,2,40,10,48,87,98,109,125,0,0,0,0,0
138217214,0,5,15,0,0,0,0,5,10,265,0,447,53,192,0,369,116,217,228,191,0,336,6,0,0,0,0,0
1462242,0,8,21,0,0,0,4,4,0,313,0,595,1,315,0,325,94,361,205,172,0,137,3,0,0,0,0,0
1599972,0,5,15,0,0,0,-1,4,4,8,1,82,16,280,2,175,32,10,48,53,28,201,3,0,0,0,0,0
391843,28,8,1,0,0,0,4,51,5,8,0,536,48,135,2,2,134,10,48,50,306,46,3,0,0,0,0,0
1672214,0,1,6,2,0,0,0,4,4,380,0,552,1,136,0,2,40,199,194,50,66,139,3,0,0,0,0,0
137734242,0,1,1,0,0,0,4,16,2,72,0,643,1,182,0,2,116,101,52,71,57,145,3,0,0,0,0,0
1882267,0,1,1,2,0,7,4,4,4,8,0,569,53,105,0,2,245,92,75,71,147,116,11,0,0,0,0,0
290962,0,8,11,0,0,0,4,4,7,187,0,110,68,123,0,458,297,69,43,47,3,107,3,0,0,0,0,0
1920837,0,1,13,0,0,0,0,39,7,210,0,353,137,295,0,2,295,345,75,71,0,137,12,0,0,0,0,0
292146,0,7,15,0,8,0,4,16,4,2,0,583,53,105,0,2,116,411,11,50,208,152,3,0,0,0,0,0
176122260,29,5,1,0,0,0,4,38,4,524,0,651,1,301,5,2,294,345,27,156,0,180,66,0,0,0,0,0
189337794,0,1,2,0,6,3,0,19,4,447,1,171,37,105,2,2,116,115,64,32,70,4,67,0,0,0,0,0
1147963,0,0,21,0,0,0,-1,39,10,47,0,645,1,204,0,2,306,42,228,50,0,257,3,0,0,0,0,0
565540,0,5,10,0,8,3,0,51,-1,184,1,481,1,105,2,220,116,96,142,183,0,105,3,1,0,0,0,0
275246,0,-1,21,0,0,0,4,4,10,8,0,503,58,255,0,2,17,10,134,50,97,86,3,0,0,0,0,0
1695101,20,0,1,1,0,0,0,51,10,287,0,232,1,45,0,2,40,159,48,50,0,143,3,0,0,0,0,0
893844,0,3,21,0,0,0,0,4,4,8,0,622,1,45,0,2,40,374,134,117,252,98,3,0,0,0,0,0
386457,0,6,1,0,0,0,4,25,2,176,0,451,65,160,0,2,189,273,205,172,0,111,3,0,0,0,0,0
1576587,0,6,21,0,0,0,7,4,4,8,0,468,1,173,0,248,112,10,228,191,0,55,3,0,0,0,0,0
1442144,0,0,14,0,0,0,4,4,0,256,0,231,1,0,0,2,0,359,36,101,0,213,3,0,0,0,0,0
476474,38,8,14,0,0,0,7,16,10,96,0,262,1,224,0,61,245,273,220,50,0,17,30,0,0,0,0,0
941137,0,0,20,0,0,0,4,51,-1,329,0,0,1,54,0,427,50,4,48,50,0,131,3,0,0,0,0,0
896874,0,0,20,0,0,0,4,9,2,286,0,125,1,99,0,355,55,281,146,125,253,317,3,0,0,0,0,0
39679,0,8,1,0,0,0,4,38,10,328,0,25,1,58,0,64,44,71,85,80,0,154,3,0,0,0,0,0
1329151,0,7,1,0,0,0,4,2,4,8,0,66,1,32,0,2,116,54,48,50,0,288,3,0,0,0,0,0
2044127,0,0,0,0,-1,0,0,25,10,414,0,264,1,241,0,2,233,169,205,172,0,146,3,0,0,0,0,0
524871,0,0,13,0,0,8,4,16,2,256,0,641,1,105,0,249,116,217,165,191,230,20,3,0,0,0,0,0
1960340,0,8,1,0,0,0,4,16,3,8,0,668,81,105,0,2,231,10,48,50,0,97,3,0,0,0,0,0
1965204,0,1,1,0,0,0,4,51,7,3,0,402,92,172,2,451,89,261,111,50,0,314,43,0,0,0,0,0
168489488,0,7,2,0,0,1,0,16,7,8,1,695,46,105,0,78,116,10,48,50,0,74,3,1,0,1,0,0
1738256,33,-1,13,0,0,0,0,38,10,395,0,510,1,192,0,2,256,312,13,49,0,158,17,0,0,0,0,0
988645,0,8,15,0,0,0,0,25,10,95,0,782,1,76,0,2,116,83,48,50,0,227,26,0,0,0,0,0
315836,0,8,10,0,8,3,0,38,7,533,1,432,21,13,0,2,75,270,48,50,0,106,3,1,0,0,0,1
1465670,0,0,11,0,0,0,0,4,4,308,0,504,1,105,0,2,116,54,48,50,0,207,3,0,0,0,0,0
1276331,0,8,5,0,0,7,4,39,4,104,1,258,60,105,0,299,116,35,188,50,0,106,37,0,0,0,0,0
183984262,0,7,21,0,0,1,0,-1,1,456,1,741,37,105,0,71,116,296,109,102,60,225,3,1,0,1,0,1
435765,36,1,1,0,0,0,4,4,7,76,0,57,1,204,0,2,59,38,48,50,109,33,28,0,0,0,0,0
166007515,29,6,1,2,0,0,4,16,4,394,0,687,53,105,2,62,273,10,48,50,125,41,3,0,0,0,0,0
1514512,46,7,11,0,6,0,7,16,4,78,0,682,1,105,0,2,256,399,172,50,0,154,3,0,0,0,0,1
96932,0,0,13,2,0,0,4,4,10,25,0,32,1,105,0,365,116,35,205,50,0,137,38,0,0,0,0,0
112850760,21,1,5,2,4,5,4,54,4,104,0,582,5,105,2,318,116,179,48,91,19,132,98,0,0,0,0,0
1300072,0,3,6,0,0,0,4,16,4,327,0,159,1,175,0,361,79,104,205,172,182,131,17,0,0,0,0,0
1629830,22,5,5,0,0,7,7,16,6,52,1,258,21,260,2,95,261,10,174,144,125,217,98,0,0,0,0,0
1907642,0,8,21,0,0,7,4,4,10,8,0,323,21,105,0,2,154,10,48,135,228,18,22,0,0,0,0,0
685234,21,5,1,0,0,0,7,0,8,8,0,307,5,45,0,298,59,10,75,71,0,105,3,0,0,0,0,0
1194654,0,1,6,0,0,13,4,0,4,482,1,373,21,105,2,167,98,241,48,6,18,35,1,1,0,0,0,0
1475926,9,1,5,0,0,0,6,4,10,58,0,326,141,55,0,279,116,365,48,50,0,172,3,0,0,0,0,0
1668065,11,8,11,1,0,0,4,4,10,49,1,265,1,54,2,337,116,54,48,50,86,64,3,0,0,0,0,0
70463837,0,8,20,0,0,7,0,39,10,8,0,751,1,66,0,346,245,432,48,50,39,246,3,0,0,0,0,0
1869992,0,-1,11,0,0,0,0,0,10,332,0,302,21,105,0,2,116,10,184,191,34,92,3,0,0,0,0,0
104377,0,8,21,2,0,0,4,16,4,135,0,128,109,260,2,2,261,215,174,144,0,276,3,0,0,0,0,0
70487596,28,5,18,0,0,4,4,16,4,472,1,331,1,131,0,163,111,99,48,50,142,185,3,1,1,1,0,0
710165,0,0,10,0,0,3,0,31,0,0,1,399,139,54,0,2,0,259,82,60,313,36,3,1,0,0,0,0
317172,0,5,15,0,0,0,4,4,10,161,0,748,1,2,0,332,289,385,27,156,272,121,3,0,0,0,0,0
1916388,11,8,5,1,0,0,4,38,7,406,0,618,53,105,0,249,40,10,48,50,0,164,61,0,0,0,0,0
1326499,0,7,20,0,0,0,4,4,7,271,0,24,101,45,14,246,40,19,48,50,321,156,3,0,0,0,0,0
769115,0,8,15,0,8,0,4,42,7,438,1,258,29,66,2,14,75,296,141,50,126,172,3,0,0,0,0,1
833158,0,8,5,0,0,2,0,4,-1,8,0,757,1,54,0,465,116,10,115,28,321,134,3,0,0,0,0,0
467194,0,7,1,0,-1,9,1,37,10,532,0,583,53,150,0,52,224,364,228,191,101,106,9,0,0,0,0,0
850428,38,0,1,0,0,0,0,16,10,323,0,571,1,105,0,454,50,349,48,53,51,140,3,0,0,0,0,0
963790,0,7,11,0,0,7,0,39,8,32,1,36,53,279,2,470,85,10,174,144,0,230,3,0,0,0,0,0
80997184,0,7,21,0,0,7,4,39,8,104,1,82,53,105,2,331,116,12,48,50,96,75,98,0,0,0,1,0
1097981,0,8,15,0,0,0,0,48,7,450,0,593,1,153,0,152,40,83,48,50,127,215,14,0,0,0,0,0
1856009,0,0,0,0,0,0,0,4,10,216,0,153,1,296,0,2,116,45,228,191,0,140,3,0,0,0,0,0
40533940,0,8,15,2,0,0,0,4,4,366,0,251,1,173,0,185,171,158,48,50,0,14,3,0,0,0,0,0
1247926,0,7,10,0,0,0,0,16,10,8,1,743,50,54,2,76,142,380,153,127,0,93,3,0,0,0,0,1
281850,0,0,2,0,0,0,0,4,10,202,0,113,1,311,0,250,304,435,75,50,0,120,3,0,0,0,0,0
762055,0,8,8,0,0,3,0,4,4,273,1,612,1,105,0,2,116,10,88,162,0,105,3,1,0,0,0,0
56087922,0,8,11,0,0,0,0,4,7,185,0,44,1,189,0,28,244,32,199,167,0,269,57,0,0,0,0,0
652828,0,8,21,0,8,3,4,11,4,8,1,233,53,105,2,141,116,176,48,50,302,154,3,1,0,0,0,1
894494,7,8,1,0,0,7,0,0,10,254,0,300,1,226,2,472,219,10,35,31,0,170,52,0,0,0,0,0
1831078,0,0,1,0,0,0,4,16,10,8,0,583,1,173,0,2,262,10,42,46,51,139,3,0,0,0,0,0
1487019,0,0,21,0,0,0,0,0,8,8,0,781,1,314,0,301,308,10,97,94,0,118,3,0,0,0,0,0
50089303,47,0,22,0,0,0,0,4,4,548,0,731,1,204,0,2,307,167,48,50,0,182,3,0,0,0,0,0
47391891,0,0,19,0,0,2,4,4,1,8,0,258,1,105,0,322,99,10,25,19,0,233,3,0,0,0,0,0
681866,32,1,20,0,0,0,4,20,10,104,1,29,21,173,0,2,290,391,48,50,0,177,3,0,0,0,0,0
1543503,0,7,13,0,2,3,0,38,4,8,1,576,1,105,3,329,116,83,134,117,3,81,3,0,1,1,0,0
189907,0,8,1,1,8,0,4,26,10,8,0,222,114,171,2,201,168,10,48,12,177,70,67,0,0,0,0,0
1159790,0,1,20,0,0,0,4,4,4,121,0,535,1,265,0,207,198,320,48,50,0,315,3,0,0,0,0,0
1355660,36,5,1,0,0,7,0,51,9,8,1,391,53,105,0,427,116,10,51,53,42,110,3,0,0,0,0,0
1586918,0,6,11,0,0,0,0,4,4,272,0,22,41,45,2,481,156,16,122,71,271,132,53,0,0,0,0,0
1330629,0,5,1,0,0,0,4,0,7,37,0,158,1,57,0,2,106,54,48,50,0,141,3,0,0,0,0,0
1378876,0,5,21,0,0,0,0,4,7,331,0,176,53,69,0,133,213,280,48,81,46,73,3,0,0,0,0,0
1425094,0,7,1,2,0,0,0,21,4,8,0,156,53,105,0,2,116,10,105,99,201,36,3,0,0,0,0,0
487303,0,7,13,2,0,4,4,19,7,8,1,472,110,105,2,2,116,105,54,50,0,157,3,1,0,0,0,1
288525,7,0,21,1,0,0,4,4,7,205,1,609,1,184,0,270,176,296,48,50,141,172,26,0,0,0,0,0
248715,0,0,1,0,0,0,0,4,10,319,0,46,1,31,0,2,30,59,36,34,0,255,3,0,0,0,0,0
350628,28,0,21,0,0,0,0,4,10,8,0,324,1,63,0,2,167,10,203,47,0,303,3,0,0,0,0,0
1334665,0,1,1,0,0,0,4,0,10,104,0,450,5,105,0,2,116,400,174,144,0,100,3,0,0,0,0,0
64231867,13,0,16,0,0,0,4,4,4,412,0,175,58,300,0,305,125,10,219,181,0,154,3,0,0,0,0,0
1550190,0,6,20,0,0,0,4,38,7,237,0,470,91,105,0,2,116,10,44,71,54,41,3,0,0,0,0,0
1104087,27,5,13,0,0,0,4,5,8,528,0,69,1,78,0,128,106,190,191,161,43,161,111,0,0,0,0,0
162420,0,5,5,0,0,0,0,4,4,314,0,491,1,218,0,2,75,10,48,50,198,149,3,0,0,0,0,0
1354608,23,8,1,1,0,0,4,41,10,160,0,486,48,28,0,196,52,396,48,50,129,218,89,0,0,0,0,0
1292071,0,8,15,0,0,0,0,0,2,226,0,510,1,131,0,2,178,364,130,111,0,176,30,0,0,0,0,0
1056935,32,3,14,0,0,0,0,4,10,91,0,383,1,105,0,125,116,124,13,172,189,14,7,0,0,0,0,0
442517,-1,3,21,0,0,0,4,4,4,448,0,540,21,43,0,66,38,345,44,97,0,311,3,0,0,0,0,0
414792,21,5,3,0,0,0,4,39,8,31,1,515,58,76,2,463,85,35,48,50,251,230,3,0,0,0,0,0
1813801,21,3,11,1,0,7,4,29,9,8,1,258,53,105,2,20,116,10,174,147,252,192,3,0,0,0,0,0
1214980,44,8,21,0,0,7,4,4,10,8,0,327,5,217,0,448,116,10,174,144,19,247,125,0,0,0,0,0
290385,0,0,20,0,0,0,4,4,10,2,0,370,1,272,0,2,16,240,228,191,0,274,3,0,0,0,0,0
525017,0,8,2,0,0,0,0,4,4,207,0,333,21,71,0,2,40,345,48,50,125,247,3,0,0,0,0,0
1156538,16,6,19,0,0,0,0,4,10,505,1,315,75,138,0,2,268,202,48,50,116,177,3,0,1,0,0,1
65293457,0,8,19,0,0,0,0,16,8,8,0,378,1,67,2,48,75,10,48,50,0,14,67,0,0,0,0,0
627069,32,0,1,0,0,0,4,4,4,226,0,169,1,186,0,2,234,54,48,50,81,175,3,0,0,0,0,0
347224,0,0,1,0,0,0,0,23,10,86,0,189,1,273,0,2,126,83,220,182,0,145,3,0,0,0,0,0
691481,49,3,21,0,0,0,0,4,2,248,0,1,1,152,0,2,150,437,48,50,0,146,53,0,0,0,0,0
103434922,0,-1,11,2,0,0,0,-1,1,88,0,630,1,107,0,2,0,429,66,65,0,182,3,0,0,0,0,0
1073828,0,0,13,0,0,7,4,4,0,154,0,507,1,45,0,2,40,355,56,55,0,38,3,0,0,0,0,0
1911637,0,5,21,0,0,0,0,38,1,8,0,778,53,221,0,234,215,10,89,86,0,128,30,0,0,0,0,0
453977,0,5,1,1,0,7,0,4,4,509,0,688,53,66,2,230,247,10,188,178,157,104,105,0,0,0,0,0
1213194,0,6,1,0,0,0,4,25,7,8,0,457,6,269,0,411,15,10,174,144,190,36,50,0,0,0,0,0
188348,0,8,15,0,0,7,0,39,4,226,0,710,1,3,0,258,231,292,47,49,0,172,3,0,0,0,0,0
112896520,0,8,14,0,0,0,4,-1,-1,517,0,621,1,236,0,315,227,6,38,33,292,104,3,0,0,0,0,0
1212077,0,0,1,0,6,0,7,4,2,8,0,583,1,105,0,2,231,11,27,23,0,208,3,0,0,0,0,0
1738333,15,5,1,0,0,0,4,4,5,107,0,360,1,45,0,72,67,231,230,50,0,138,3,0,0,0,0,0
529229,0,0,2,0,0,0,0,4,10,11,0,780,128,148,0,2,16,86,174,144,0,144,3,0,0,0,0,0
574884,0,8,11,0,0,7,4,4,10,49,1,440,1,151,0,229,259,10,205,172,166,326,3,0,0,0,0,0
1923487,0,0,20,0,0,0,4,39,8,305,0,524,53,132,0,310,116,157,48,50,0,151,3,0,0,0,0,0
323576,0,8,15,0,0,0,0,18,10,110,0,339,40,66,0,139,75,10,17,79,283,22,3,0,0,0,0,0
63283859,0,8,15,2,0,0,4,4,0,168,1,628,48,16,0,148,250,376,49,50,90,25,3,0,0,0,0,0
85467018,0,8,15,0,0,0,0,16,2,171,0,560,1,250,0,180,253,335,48,50,68,176,3,0,0,0,0,0
455122,46,5,21,0,0,0,4,4,10,99,0,198,1,57,2,2,60,65,158,50,16,266,36,0,0,0,0,0
1382698,0,8,11,0,0,0,5,16,10,104,0,34,21,105,2,285,98,36,75,144,59,120,3,0,0,0,0,0
1954356,21,5,11,1,0,7,4,5,8,176,0,610,21,45,2,363,189,10,213,176,125,96,3,0,0,0,0,0
194456776,29,-1,15,0,0,0,4,4,4,464,0,769,53,105,0,376,116,296,239,50,314,125,16,0,0,0,0,0
1999324,0,6,1,0,0,0,4,16,4,55,0,170,1,204,7,248,192,345,48,144,291,146,53,0,0,0,0,0
603848,0,8,13,0,0,3,0,38,4,453,1,301,53,127,2,111,91,192,48,50,0,116,3,1,0,0,0,0
850821,0,6,5,0,0,0,4,4,10,435,0,149,68,280,9,45,19,181,75,172,242,99,3,0,0,0,0,0
1411268,0,0,21,0,0,0,0,4,4,278,0,341,21,105,0,223,116,10,51,53,197,66,3,0,0,0,0,0
85089691,0,8,1,0,0,11,7,38,7,282,1,292,53,105,0,198,256,10,235,193,222,0,9,1,0,0,0,0
41554823,0,5,13,0,0,0,7,16,7,138,0,642,53,105,0,456,116,102,58,85,0,337,15,0,0,0,0,0
977497,0,6,10,0,5,3,7,16,7,453,1,180,117,105,2,2,116,10,48,50,321,63,3,1,0,0,0,0
1006468,0,7,13,0,1,0,0,16,4,8,1,745,1,76,0,2,225,32,10,50,0,29,3,0,0,0,0,1
1425907,0,1,13,0,0,0,0,4,4,16,0,615,1,156,0,184,3,372,48,50,14,149,3,0,0,0,0,0
1597179,0,0,15,0,0,0,4,4,10,238,0,733,1,161,0,2,175,419,48,50,0,78,3,0,0,0,0,0
494408,0,1,1,0,0,0,4,25,4,28,0,676,99,307,0,2,19,352,174,144,35,36,3,0,0,0,0,0
1604568,0,5,-1,0,0,0,4,16,8,97,0,347,83,105,0,183,116,10,48,50,0,154,30,0,0,0,0,0
63489929,15,8,5,0,0,8,-1,38,7,104,0,462,53,105,2,226,98,10,174,144,19,176,32,0,0,0,0,0
181033,0,3,15,0,0,0,-1,0,7,461,0,610,63,280,0,402,40,10,222,183,19,120,3,0,0,0,0,0
1507797,0,1,13,0,0,0,0,4,4,116,0,714,48,156,13,114,86,403,48,20,202,326,30,0,0,0,0,0
1741949,0,5,1,0,0,0,0,4,10,383,0,652,58,286,2,151,60,10,27,156,74,143,9,0,0,0,0,0
1766312,0,7,21,0,0,0,0,4,4,342,1,68,1,105,0,2,116,109,46,41,0,81,3,0,0,1,0,0
58263027,0,8,5,0,0,0,0,39,7,516,0,368,11,146,0,2,116,209,48,50,0,75,3,0,0,0,0,0
509065,-1,5,2,0,0,0,0,16,4,69,0,759,144,105,11,217,116,36,29,26,239,146,3,0,0,0,0,0
338008,0,8,1,0,0,6,4,25,5,43,1,258,53,105,2,389,116,167,48,50,63,192,115,0,0,0,0,0
1986616,0,8,1,0,0,0,0,49,10,437,0,369,47,234,0,228,40,239,190,144,274,124,3,0,0,0,0,0
1022090,0,8,15,0,8,13,0,0,7,239,0,250,127,59,2,2,110,83,228,37,0,117,52,0,0,0,0,0
769926,33,7,10,0,8,3,0,19,7,179,1,356,1,239,0,83,75,198,48,50,0,227,3,0,0,0,0,0
81086651,0,7,11,0,0,0,0,4,4,392,0,403,1,105,0,2,116,10,181,153,65,285,3,0,0,0,0,1
120358,36,8,5,0,0,7,5,29,7,104,1,606,5,260,2,69,19,10,134,117,278,30,98,0,0,0,0,0
1202878,0,6,1,0,0,0,0,16,7,234,0,392,1,66,0,177,75,10,208,173,0,231,3,0,0,0,0,0
651705,8,8,5,0,0,7,4,39,8,8,0,661,1,49,0,136,116,10,48,144,0,121,3,0,0,0,0,0
246887,0,7,21,0,0,0,0,4,4,473,0,15,3,207,0,137,9,122,205,172,4,125,3,0,0,0,0,0
693281,0,0,2,0,0,0,4,4,10,46,0,202,1,0,0,2,256,207,205,172,0,170,3,0,0,0,0,0
105936170,37,5,14,0,0,7,0,4,10,454,0,665,24,105,0,445,116,10,188,53,0,110,29,0,0,0,0,0
1092394,0,1,7,0,0,0,4,6,10,93,0,748,53,105,0,2,116,312,107,100,97,109,44,0,0,0,0,0
1199558,0,8,21,0,0,0,4,4,10,8,0,529,21,105,0,65,159,319,174,144,173,113,3,0,0,0,0,0
65151197,7,7,13,0,0,0,4,4,10,400,0,10,1,58,0,131,56,364,228,191,0,174,3,0,0,0,0,0
1767393,0,5,1,0,0,0,4,38,4,192,0,728,1,217,0,2,245,429,164,196,162,218,30,0,0,0,0,0
446174,0,0,21,0,0,14,4,4,10,70,0,64,1,66,0,132,116,417,51,53,0,248,30,0,0,0,0,0
1869228,0,5,3,2,0,0,0,4,1,140,0,722,1,311,0,2,304,10,197,12,0,54,59,0,0,0,0,0
1806604,0,8,15,0,1,0,0,38,0,111,1,594,1,45,0,2,111,117,48,50,0,146,3,0,0,0,0,0
133640019,17,6,13,0,0,0,0,54,8,426,0,28,1,224,2,2,218,408,236,194,0,174,3,0,0,0,0,0
94514,0,0,21,0,0,10,4,48,9,486,0,224,1,279,0,335,121,144,205,50,0,271,3,0,0,0,0,0
1611775,0,3,14,0,0,7,0,54,10,253,0,543,53,45,0,364,40,10,228,191,319,294,3,0,0,0,0,0
1660833,0,8,5,0,0,0,4,16,10,8,0,259,58,278,0,2,19,10,75,71,175,36,3,0,0,0,0,0
687034,0,7,14,0,0,7,0,4,7,223,0,646,57,105,0,285,162,381,228,191,0,140,3,0,0,0,0,0
1274327,0,0,20,2,0,0,0,38,10,5,0,99,1,45,0,2,249,58,23,18,0,170,52,0,0,0,0,0
950361,7,8,5,1,0,0,4,1,4,36,0,165,1,66,2,264,259,279,48,50,0,115,3,0,0,0,0,0
1877956,0,0,1,0,0,0,0,4,10,240,0,501,1,278,0,446,278,137,174,144,0,138,3,0,0,0,0,0
890637,0,8,3,0,0,0,4,39,8,8,0,88,95,169,2,189,33,10,48,50,218,132,3,0,0,0,0,0
1006709,0,8,1,0,0,0,0,16,4,8,0,184,58,267,0,2,40,120,48,50,86,96,3,0,0,0,0,0
1401520,0,8,11,2,0,0,4,4,1,451,0,723,1,76,2,182,116,52,48,50,0,120,3,0,0,0,0,0
1656601,0,5,1,0,0,0,4,38,4,27,0,663,71,203,0,2,128,277,205,172,66,116,3,0,0,0,0,0
619152,0,8,5,0,0,0,4,39,8,23,1,716,5,105,2,461,19,44,174,144,0,192,3,0,0,0,0,0
1292463,0,0,11,0,0,0,0,38,10,102,0,89,1,39,0,2,50,229,48,50,0,168,3,0,0,0,0,0
1589218,32,0,11,0,0,0,4,4,4,311,0,45,1,94,0,209,259,32,48,50,184,210,3,0,0,0,0,0
99670896,0,7,21,0,8,3,7,26,4,8,1,14,1,105,0,2,116,10,48,50,316,167,3,1,0,1,0,0
3849421,40,6,-1,3,8,-1,0,38,4,8,1,216,53,105,2,18,116,10,46,63,288,75,3,1,0,1,0,0
96706,0,0,20,0,0,0,4,39,8,411,0,287,1,311,0,2,304,182,220,182,0,124,3,0,0,0,0,0
743328,0,8,11,0,0,0,4,4,8,468,0,556,1,105,0,2,40,329,174,144,0,124,98,0,0,0,0,0
1213021,44,7,1,0,0,7,4,4,7,73,0,355,1,192,0,384,178,331,228,191,85,174,3,0,0,0,0,0
1007946,0,0,11,0,0,7,0,4,7,404,0,539,53,17,2,2,226,323,48,50,193,172,3,0,0,0,0,0
407511,0,0,20,0,0,0,4,4,4,462,0,436,1,7,2,2,2,85,48,50,0,51,3,0,0,0,0,0
102852,0,8,5,0,0,0,7,39,4,104,0,253,48,260,0,31,20,10,174,144,19,46,98,0,0,0,0,0
314044,36,8,5,0,0,0,4,-1,8,8,0,105,1,105,0,29,189,10,28,50,139,36,97,0,0,0,0,0
81824666,37,1,1,0,0,0,0,22,8,8,0,81,1,192,0,2,235,211,205,172,0,47,40,0,0,0,0,0
757639,0,8,21,0,0,0,0,54,8,351,0,600,1,159,0,156,104,10,221,50,0,62,3,0,0,0,0,0
1815080,0,8,9,0,0,0,4,4,10,486,0,271,21,45,0,73,213,10,205,98,248,98,3,0,0,0,0,0
1120137,0,7,13,0,0,5,4,39,10,8,0,734,53,105,2,51,116,10,167,136,0,146,86,0,0,0,0,0
1121229,0,8,21,2,0,0,0,16,-1,537,1,523,1,317,2,90,191,10,48,50,143,74,3,0,0,0,0,0
629330,0,0,20,0,0,0,7,4,10,220,0,773,1,206,0,233,197,431,75,157,0,129,3,0,0,0,0,0
424874,48,8,5,0,0,7,4,4,7,8,1,90,5,260,2,274,275,10,174,144,40,100,3,0,0,0,0,0
67255,49,1,10,0,0,3,0,19,4,453,1,241,1,152,0,394,150,167,94,50,0,12,3,1,0,0,0,0
1104701,0,7,13,0,6,0,4,42,8,532,1,85,53,105,2,433,116,218,77,74,20,149,3,0,0,0,0,0
1086058,7,8,11,0,0,2,4,4,4,37,0,776,40,310,2,2,303,306,48,50,275,149,3,0,0,0,0,0
816271,0,3,2,0,0,0,5,39,7,104,0,352,119,284,0,31,306,227,48,50,8,179,3,0,0,0,0,0
1261492,0,8,1,0,0,0,6,38,8,37,0,258,21,286,2,424,79,96,174,144,115,142,3,0,0,0,0,0
317554,0,7,3,0,0,8,4,4,4,8,0,17,5,105,0,313,247,10,189,36,45,246,3,0,0,0,0,0
307021,0,5,21,0,0,0,4,54,9,42,1,258,58,105,2,31,116,36,48,50,106,74,112,0,0,0,0,0
151308629,-1,8,21,1,0,3,4,4,4,241,1,213,5,92,2,2,92,296,222,50,0,170,3,0,0,0,0,1
214713,0,8,13,0,0,0,4,4,7,8,0,517,58,61,0,2,59,10,41,43,0,102,3,0,0,0,0,0
130353321,23,1,22,0,0,0,0,4,10,46,0,731,1,155,0,244,99,338,129,50,0,180,45,0,0,0,0,0
1038563,0,0,5,0,0,0,4,39,8,8,0,599,1,311,0,175,304,10,75,150,215,120,3,0,0,0,0,0
29023706,11,1,11,0,0,0,0,20,7,295,0,461,122,304,0,484,46,286,48,50,321,272,3,0,0,0,0,0
1643349,0,5,7,2,0,0,0,4,4,88,0,219,65,54,0,430,282,139,16,50,216,68,13,0,0,0,0,0
410114,0,2,20,0,0,0,4,4,9,305,0,299,105,203,0,423,130,191,147,81,0,144,3,0,0,0,0,0
165099707,36,8,1,-1,0,7,7,39,4,104,1,173,21,105,2,172,275,36,48,50,77,192,98,0,0,0,0,0
187706,0,5,2,0,0,0,4,4,10,8,0,531,1,41,0,44,93,10,232,127,0,97,3,0,0,0,0,0
39217891,0,7,11,0,8,0,7,4,4,175,1,206,1,54,2,2,256,136,11,63,298,53,3,0,0,0,0,0
1326478,0,8,15,0,0,7,0,39,8,8,0,444,58,158,0,2,306,54,48,50,256,151,3,0,0,0,0,0
1206795,0,7,15,0,6,9,4,4,1,83,1,453,1,1,2,3,116,10,126,50,236,149,3,1,0,0,0,1
261992,0,6,1,0,0,0,0,16,2,226,0,575,14,202,0,2,16,351,228,191,0,15,38,0,0,0,0,0
511784,0,0,1,0,0,0,0,54,8,182,0,3,1,11,0,2,13,255,183,152,0,143,3,0,0,0,0,0
1405951,0,7,21,0,0,3,0,39,8,8,1,622,5,289,2,17,283,10,110,50,110,99,3,0,0,0,0,1
165968354,0,-1,14,0,0,0,7,-1,10,155,0,48,1,192,0,2,178,252,212,16,125,134,3,0,0,0,0,0
160205361,0,0,21,2,0,0,0,39,8,385,0,343,1,173,0,2,171,226,38,130,0,174,3,0,0,0,0,0
184660633,21,8,1,0,0,7,4,-1,4,8,1,249,5,105,2,298,288,10,174,144,321,36,3,0,0,0,0,0
761967,22,8,5,0,0,7,4,4,4,104,1,415,5,105,2,477,116,10,42,160,97,103,98,0,0,0,0,0
471272,38,7,5,0,0,0,4,4,7,33,0,258,1,105,2,348,116,167,174,144,37,137,84,0,0,0,0,0
657557,0,8,1,0,0,0,4,54,10,549,0,592,1,173,0,2,306,273,48,50,87,176,3,0,0,0,0,0
179814250,0,8,13,0,7,0,4,36,4,8,1,292,1,173,0,240,171,296,141,122,289,240,3,0,0,0,0,1
873775,0,7,18,0,1,7,0,4,8,246,1,310,53,105,2,2,116,10,153,127,207,46,3,0,0,0,0,1
1596320,32,0,21,0,0,0,4,4,10,127,0,61,1,57,0,2,54,167,48,50,0,169,3,0,0,0,0,0
112937069,0,4,2,0,0,3,0,25,4,456,1,706,53,105,0,2,256,10,155,128,295,264,3,1,1,1,0,1
89164,0,8,15,0,1,0,0,4,4,84,1,480,43,105,4,54,116,296,141,50,0,176,3,0,0,0,0,0
1297488,0,1,15,0,0,0,0,4,9,35,0,526,78,96,0,358,206,318,48,144,0,175,45,0,0,0,0,0
1564015,0,5,5,0,0,0,4,25,7,8,0,285,72,260,0,31,213,10,174,144,0,116,109,0,0,0,0,0
107853771,0,7,10,0,8,3,4,3,4,453,1,31,1,105,0,2,70,76,166,50,65,81,3,1,1,1,0,1
1278868,0,5,15,2,0,13,0,16,7,480,0,460,53,105,2,2,116,357,228,24,0,125,30,0,0,0,0,0
540642,0,6,13,0,0,0,0,16,8,379,0,455,1,285,0,388,256,30,75,169,280,11,103,0,0,0,0,0
911084,0,3,13,0,0,0,0,0,0,124,0,547,1,224,0,2,0,324,228,191,0,223,3,0,0,0,0,0
1440160,0,-1,10,0,0,3,0,26,4,1,1,87,53,105,5,112,108,219,238,58,6,143,3,0,0,0,0,0
183600564,0,5,11,1,0,0,4,16,7,483,0,286,45,216,2,270,88,10,48,50,0,185,3,0,1,0,0,0
1033812,0,0,1,0,0,0,4,0,0,2,0,591,1,0,0,2,0,358,205,172,0,16,3,0,0,0,0,0
759618,0,1,13,1,0,3,0,4,4,8,1,100,53,105,2,2,116,10,11,50,0,142,3,1,0,1,0,0
1861080,0,8,11,0,0,0,4,4,3,222,0,258,1,259,0,280,191,347,214,50,179,146,3,0,0,0,0,0
1110013,0,3,21,1,0,0,4,16,1,170,0,9,44,34,0,248,188,345,48,50,66,55,3,0,0,0,0,0
150473,0,3,11,0,0,0,0,0,7,102,0,340,1,188,0,2,0,188,118,117,0,282,3,0,0,0,0,0
309541,30,6,1,0,0,0,4,53,4,226,0,329,95,203,0,257,116,345,48,50,291,55,38,0,0,0,0,0
1313207,20,8,21,0,0,0,4,38,7,17,0,269,1,113,0,320,0,428,48,50,0,142,3,0,0,0,0,0
1307266,0,1,1,0,0,7,0,39,2,256,0,142,1,62,0,249,63,10,228,191,0,94,3,0,0,0,0,0
75646,7,0,5,0,0,0,0,4,10,178,0,534,1,111,5,238,24,155,205,191,0,24,3,0,0,0,0,0
1151918,0,1,1,0,0,0,0,4,10,511,0,217,1,284,0,2,218,31,48,50,37,102,67,0,0,0,0,0
1033637,0,7,21,0,0,0,0,5,9,362,0,325,1,204,0,471,192,10,48,50,0,131,3,0,0,0,0,0
183717026,19,0,11,0,0,0,0,16,10,523,0,770,1,156,0,2,0,293,176,50,0,23,3,0,0,0,0,0
996328,12,1,11,0,0,7,4,4,10,196,0,435,58,211,5,175,225,302,48,50,55,270,3,0,0,0,0,0
1989264,0,6,21,0,0,0,4,4,10,325,0,381,1,122,0,429,259,181,75,50,0,149,3,0,0,0,0,0
175829,0,6,15,0,0,0,6,39,9,217,0,258,94,276,0,191,192,159,42,46,115,148,3,0,0,0,0,0
693891,46,5,21,0,8,0,0,4,4,376,1,79,1,29,0,8,1,10,222,118,0,169,3,0,0,0,0,1
74028,0,8,1,-1,0,0,0,16,8,101,0,147,1,5,0,194,16,119,205,50,0,196,3,0,0,0,0,0
1723469,7,0,21,0,0,0,4,4,2,71,0,419,1,45,0,135,290,81,228,191,0,304,63,0,0,0,0,0
1900118,0,0,2,0,0,0,0,16,10,57,0,2,1,105,0,373,116,253,48,50,0,273,3,0,0,0,0,0
188429772,0,0,20,0,0,0,0,4,4,433,0,240,1,192,0,35,105,151,205,152,0,262,3,0,0,0,0,0
1940266,0,1,21,0,0,0,4,4,8,34,0,683,1,278,0,2,134,345,48,50,37,57,3,0,0,0,0,0
952975,7,8,21,1,0,0,0,4,4,169,0,429,1,95,0,2,104,159,48,50,0,79,3,0,0,0,0,0
109700315,0,0,-1,0,0,0,0,5,10,15,0,78,1,107,0,2,0,268,48,29,0,154,3,0,0,0,0,0
27773000,41,8,13,1,0,0,4,4,7,88,0,211,58,30,0,213,190,345,48,50,0,80,3,0,0,0,0,0
231341,0,5,12,0,0,0,4,5,4,302,0,724,1,54,0,2,50,413,188,158,0,202,122,0,0,0,0,0
885778,0,5,13,0,0,0,0,5,10,115,0,624,131,9,2,262,86,10,75,71,168,90,3,0,0,0,0,0
80498353,0,0,6,0,0,0,0,54,8,424,0,711,1,162,0,342,287,10,195,90,0,85,3,0,0,0,0,0
425153,0,8,5,0,0,0,4,4,2,406,0,162,53,41,0,2,287,301,75,71,0,148,3,0,0,0,0,0
135809,0,8,15,0,0,0,0,35,10,523,0,39,1,94,0,412,103,29,205,172,0,148,3,0,0,0,0,0
1685319,18,8,21,0,0,0,0,4,2,520,0,639,1,105,0,2,116,9,175,144,188,149,26,0,0,0,0,0
1509628,0,2,11,1,0,0,4,16,8,489,0,334,1,240,2,277,233,345,42,160,13,170,95,0,0,0,0,0
1822024,26,8,21,0,0,0,0,4,10,336,1,702,48,105,2,218,49,10,48,50,78,322,3,0,0,0,0,0
501542,0,5,19,0,0,0,4,39,10,363,0,8,1,66,0,372,75,54,48,50,2,167,12,0,0,0,0,0
152460,0,8,15,0,0,0,4,4,10,498,0,100,1,214,2,236,209,10,148,126,102,268,12,0,0,0,0,0
1098305,33,0,1,0,4,0,0,38,10,263,1,296,1,173,0,2,171,63,228,34,0,94,20,0,0,0,0,0
1999671,0,8,1,0,0,0,0,8,4,246,0,82,1,105,0,160,116,180,48,50,0,46,3,0,0,0,0,0
1719469,38,8,1,0,0,5,4,43,10,194,1,334,43,79,2,386,62,215,178,149,44,291,35,0,0,0,0,0
678038,0,1,13,0,0,7,4,4,10,247,0,658,1,102,0,259,109,10,228,191,37,141,3,0,0,0,0,0
1483262,0,5,20,0,0,0,4,50,4,19,0,103,1,44,0,60,26,31,48,50,0,93,3,0,0,0,0,0
1290723,0,3,2,0,0,0,4,4,4,466,0,397,132,105,0,403,116,222,134,117,122,146,61,0,0,0,0,0
81716407,6,8,5,0,0,0,0,4,9,50,0,477,1,154,0,221,67,24,48,50,131,180,3,0,0,0,0,0
188357431,0,3,1,0,8,13,4,16,4,447,0,746,53,105,0,0,243,161,108,84,0,37,30,0,0,0,0,0
1750914,0,8,1,0,0,0,0,4,4,463,0,183,1,58,0,2,217,414,23,18,286,142,3,0,0,0,0,0
181654439,1,8,1,0,5,3,4,4,10,75,0,13,83,316,2,227,116,78,205,50,240,184,3,0,0,0,0,0
82620,47,5,21,0,6,3,4,4,4,447,1,121,1,230,0,107,256,296,141,190,141,154,3,0,0,0,0,1
620904,12,0,1,0,0,7,0,48,7,352,0,196,42,251,2,340,254,10,101,96,71,132,3,0,0,0,0,0
579822,0,7,21,0,0,0,4,16,9,122,0,212,52,57,2,473,195,128,205,98,0,141,3,0,0,0,0,0
1382657,7,8,21,1,0,0,0,4,7,47,1,448,1,287,0,369,75,32,193,50,210,175,3,0,0,0,0,0
1453719,12,0,14,0,0,0,0,4,4,177,0,635,118,25,0,206,27,379,205,172,171,316,3,0,0,0,0,0
1134429,32,2,1,0,0,0,4,39,10,226,0,681,1,27,0,283,29,392,219,181,99,146,110,0,0,0,0,0
155272316,0,7,2,0,0,0,4,0,7,61,0,208,11,260,2,278,261,10,48,50,297,183,65,0,0,0,0,0
1682715,0,7,15,0,0,3,0,16,7,396,1,349,1,105,0,2,265,273,48,50,0,58,3,0,0,1,0,0
1718159,0,5,11,0,0,0,0,0,10,348,0,281,1,130,0,232,86,124,75,3,153,130,88,0,0,0,0,0
1132299,0,7,10,0,0,0,0,4,4,8,1,258,11,105,2,210,116,167,153,127,136,106,3,0,0,0,0,1
73583860,0,8,15,0,0,0,0,38,4,100,0,205,1,33,0,304,225,2,48,50,0,146,52,0,0,0,0,0
820931,0,0,21,0,0,0,0,4,10,507,0,200,1,11,0,2,182,116,20,186,234,307,3,0,0,0,0,0
647343,0,3,5,0,0,0,4,54,7,104,0,258,21,76,2,113,116,215,78,75,70,139,52,0,0,0,0,0
1616148,0,0,1,0,0,0,4,38,10,225,0,189,1,105,0,2,116,345,174,144,0,142,3,0,0,0,0,0
1703545,0,8,1,0,0,8,0,4,10,94,0,114,51,105,2,2,116,425,228,191,0,109,3,0,0,0,0,0
850597,0,5,21,0,0,0,4,16,10,8,0,622,82,11,0,459,284,10,205,172,0,97,3,0,0,0,0,0
1659850,0,8,5,2,0,0,0,4,4,291,0,575,1,303,0,2,296,10,174,144,227,154,3,0,0,0,0,0
899744,7,8,11,0,0,2,0,4,7,37,0,107,40,105,2,2,303,64,48,50,0,135,67,0,0,0,0,0
1536230,0,3,21,2,0,0,4,4,10,8,0,608,1,260,0,2,154,10,48,50,0,165,3,0,0,0,0,0
1988625,0,8,21,0,0,0,0,39,10,250,0,203,17,91,0,368,35,134,48,50,4,122,3,0,0,0,0,0
1947054,0,5,11,1,0,0,4,4,10,8,0,272,1,105,0,379,185,10,198,172,167,61,3,0,0,0,0,0
1611623,7,5,1,0,0,0,4,15,4,4,1,245,53,45,2,127,40,5,117,106,26,143,27,0,0,0,0,0
1224686,0,8,3,0,0,7,4,4,7,46,0,290,53,313,0,2,118,308,47,172,0,148,3,0,0,0,0,0
344644,0,3,2,0,0,0,0,16,2,29,0,263,1,208,0,2,19,228,75,71,0,328,3,0,0,0,0,0
1939993,0,8,5,0,0,7,4,0,4,104,1,258,58,105,0,31,78,10,134,144,19,125,98,0,0,0,0,0
1662395,28,0,11,1,0,0,0,4,7,136,0,636,1,268,0,2,210,203,224,50,4,148,3,0,0,0,0,0
55517912,44,2,21,2,0,0,4,4,7,8,1,719,1,211,0,2,116,10,42,46,0,182,3,0,0,0,0,0
108509106,0,7,13,0,0,0,0,19,9,117,0,322,53,27,2,308,86,208,48,50,25,179,20,0,0,0,0,0
67143323,0,5,21,0,0,0,7,5,10,204,0,738,53,105,0,253,116,217,227,188,88,29,104,0,0,0,0,0
279466,0,5,15,0,0,7,4,39,8,529,0,413,1,115,0,453,172,328,48,50,123,330,3,0,0,0,0,0
1014138,46,1,8,0,0,2,4,4,8,190,0,181,53,105,0,212,116,118,27,108,0,100,3,0,0,0,0,0
350976,7,0,13,0,0,0,0,4,8,465,0,398,1,105,0,2,116,31,205,172,0,280,3,0,0,0,0,0
28356393,0,8,21,1,0,0,4,4,7,259,1,389,53,105,0,150,116,61,48,50,0,155,71,0,0,0,0,0
899181,0,3,1,0,0,7,4,22,7,9,0,590,53,299,0,426,256,54,48,50,161,39,11,0,0,0,0,0
1979794,7,0,1,1,0,0,4,16,8,321,0,431,1,66,0,369,40,368,205,172,0,132,3,0,0,0,0,0
968805,0,0,1,0,0,0,4,25,4,8,0,258,2,155,0,290,57,10,48,50,0,84,3,0,0,0,0,0
374340,24,6,21,2,0,0,0,39,4,364,0,546,1,217,0,382,191,54,48,50,152,72,9,0,0,0,0,0
161939,38,7,14,0,0,0,4,0,8,8,0,571,1,149,0,316,143,10,48,50,19,146,3,0,0,0,0,0
73767384,0,5,15,0,8,0,4,4,7,478,0,772,1,105,0,2,116,10,15,84,21,110,23,0,0,0,0,0
1798615,0,0,20,0,0,0,0,4,10,518,0,246,1,178,0,2,213,210,205,172,0,81,3,0,0,0,0,0
68799740,0,8,21,0,8,4,4,-1,4,286,1,603,53,173,0,159,116,296,141,139,70,44,3,1,0,0,0,1
1195618,0,7,2,0,0,3,0,4,10,456,0,496,1,192,0,2,178,94,48,197,0,163,3,0,0,1,0,0
1439704,0,7,10,0,0,3,4,4,10,453,1,633,1,105,0,291,116,310,27,23,0,105,3,1,0,0,0,0
1519371,0,2,1,0,0,3,0,0,7,8,1,510,111,86,0,31,116,10,32,130,0,180,67,0,0,0,0,0
138826371,0,0,21,0,0,0,0,16,8,390,0,695,1,0,0,2,202,339,136,50,238,40,3,0,0,0,0,0
1986966,0,5,13,1,0,0,0,16,-1,442,0,163,90,22,0,2,256,108,48,50,146,234,3,0,0,0,0,0
821579,0,5,1,2,0,0,7,25,4,466,0,259,48,45,0,205,40,10,186,76,0,104,3,0,0,0,0,0
1416283,0,8,11,0,0,7,4,39,8,22,0,100,53,105,0,268,19,10,48,50,261,36,3,0,0,0,0,0
1052178,0,0,21,0,0,0,4,31,8,288,0,471,1,0,0,452,68,167,222,98,124,116,3,0,0,0,0,0
37934,46,5,21,1,0,0,4,16,8,354,0,459,1,217,0,2,75,285,40,12,221,175,46,0,0,0,0,0
1850663,0,8,1,0,0,0,4,5,7,514,1,587,1,131,8,2,99,296,205,172,0,145,3,0,0,0,0,0
1115541,15,0,5,0,0,0,7,4,2,226,0,57,1,145,0,2,138,32,48,50,0,134,3,0,0,0,0,0
1578200,0,8,1,0,0,7,4,5,4,515,0,167,1,219,2,434,256,112,48,50,305,141,3,0,0,0,0,0
1521407,0,0,11,0,0,0,4,9,10,44,0,297,1,211,0,175,195,17,48,50,0,172,3,0,0,0,0,0
612964,0,8,15,0,0,13,0,0,7,9,0,312,46,105,0,2,116,200,26,22,97,114,3,0,0,0,0,0
1120277,0,8,1,0,0,7,4,50,10,8,0,257,1,135,0,271,116,10,174,144,273,174,3,0,0,0,0,0
936398,0,0,5,0,0,0,4,4,7,502,0,690,1,255,0,175,236,422,205,50,234,103,3,0,0,0,0,0
1706612,0,7,13,0,8,0,0,4,10,408,1,406,1,117,0,248,270,138,48,50,0,151,3,0,0,0,0,0
10239019,0,7,21,0,0,8,4,0,9,267,1,542,1,260,0,321,259,54,48,64,252,43,121,0,0,0,0,0
913118,0,0,14,0,0,0,0,34,0,477,0,174,1,89,0,286,116,83,39,40,0,325,3,0,0,0,0,0
1963322,0,1,5,0,0,4,4,4,1,454,1,549,53,105,2,416,116,326,222,53,38,110,3,1,0,0,0,0
1319506,0,3,1,0,6,7,7,27,4,8,1,316,125,216,2,2,225,204,95,93,53,326,3,1,0,0,0,0
91088,0,8,15,0,0,13,0,16,7,407,0,401,53,105,0,2,116,260,179,97,232,42,53,0,0,0,0,0
115718142,0,5,8,1,0,3,7,40,10,453,1,521,132,105,2,2,116,1,48,50,118,183,3,1,0,0,0,0
973363,22,8,2,0,0,7,4,4,10,104,1,717,5,105,2,298,116,61,174,144,3,292,3,0,0,0,0,0
1655935,0,7,1,0,6,0,4,19,4,300,1,480,5,105,2,43,116,296,141,190,70,326,3,0,0,0,0,1
585040,13,7,1,0,0,0,4,17,9,316,0,417,1,86,0,140,97,156,48,2,115,194,3,0,0,0,0,0
511635,0,5,21,0,0,0,4,51,4,9,0,393,1,183,0,2,5,87,45,50,276,135,3,0,0,0,0,0
630125,0,8,5,0,0,0,4,39,8,92,0,154,1,66,0,2,75,31,209,50,0,7,3,0,0,0,0,0
1901943,0,0,3,1,0,0,4,4,4,148,0,427,1,190,0,441,233,80,48,50,83,149,52,0,0,0,0,0
162878090,8,8,15,2,0,7,7,16,8,449,1,117,53,105,0,369,116,10,34,30,104,185,20,0,1,0,0,0
1695291,14,8,1,0,0,7,4,50,2,8,0,742,1,105,0,2,116,10,48,50,311,41,3,0,0,0,0,0
1847057,0,8,1,0,0,0,0,38,10,393,0,11,1,262,0,169,266,10,145,112,111,108,3,0,0,0,0,0
891864,0,0,21,0,0,0,4,4,10,345,0,421,1,211,0,2,195,291,205,50,0,167,3,0,0,0,0,0
794450,0,1,15,0,0,0,4,16,4,389,0,654,1,253,0,2,40,10,230,192,0,32,3,0,0,0,0,0
756739,7,1,15,0,0,0,4,4,10,47,0,50,1,209,0,2,191,367,218,50,290,174,3,0,0,0,0,0
681713,0,8,21,0,0,0,4,39,8,104,0,638,53,105,2,94,65,10,48,50,130,120,3,0,0,0,0,0
135953,0,5,20,0,0,0,0,4,3,447,0,418,1,130,0,15,132,428,205,172,0,251,3,0,0,0,0,0
139670361,0,5,21,2,0,0,4,4,4,474,0,443,1,222,0,279,196,66,48,50,10,48,3,0,0,0,0,0
1216757,0,5,1,0,0,0,4,4,10,8,0,616,82,41,0,362,244,10,48,50,154,98,3,0,0,0,0,0
861349,0,0,0,0,0,0,0,0,1,218,0,508,1,51,0,2,279,282,206,175,0,104,3,0,0,0,0,0
1438183,0,8,1,0,0,7,0,45,7,353,0,82,79,215,0,328,28,10,48,50,45,246,3,0,0,0,0,0
16810704,0,8,21,2,0,7,0,4,10,88,0,175,1,106,0,105,225,111,112,50,141,149,45,0,0,0,0,0
5192,0,5,21,1,0,0,4,4,10,102,0,54,108,106,2,2,117,10,48,50,4,267,3,0,0,0,0,0
1166220,0,8,11,1,0,5,4,16,10,24,0,598,58,105,2,296,116,35,205,172,19,101,3,0,0,0,0,0
1677837,21,8,6,0,0,0,0,13,1,8,1,513,48,54,0,9,50,10,186,144,97,104,3,0,0,0,0,0
492853,0,0,21,0,0,0,0,4,1,8,0,469,1,102,0,2,109,224,205,172,0,104,93,0,0,0,0,0
1338327,7,3,1,1,0,0,4,16,7,174,0,626,1,232,0,248,221,62,48,50,0,282,3,0,0,0,0,0
135285745,0,5,11,0,0,0,4,4,4,382,0,62,53,105,0,2,75,43,116,105,0,25,9,0,0,0,0,0
456839,21,8,16,1,0,0,7,39,7,104,1,108,5,156,2,75,154,10,174,144,0,98,3,0,0,0,0,0
27152913,0,5,10,0,8,0,4,51,10,68,1,627,53,105,5,88,116,99,243,50,0,206,3,0,0,0,0,0
1165503,0,3,21,0,0,0,0,22,2,477,0,157,1,54,0,2,50,10,228,191,0,109,3,0,0,0,0,0
1741822,30,1,14,0,0,0,4,4,3,8,0,549,1,173,0,2,116,10,228,136,0,144,52,0,0,0,0,0
1555192,0,8,15,0,0,0,4,4,4,189,1,367,85,105,0,176,256,237,104,92,0,108,3,0,0,0,0,0
89564,28,0,1,0,0,0,0,14,10,434,0,559,43,79,0,2,248,87,45,18,279,211,20,0,0,0,0,0
172383107,0,1,13,0,0,0,4,4,10,8,1,291,1,105,2,455,306,331,153,127,3,251,3,0,0,0,0,1
415294,0,7,19,0,0,0,0,5,10,533,1,644,53,66,0,339,79,10,106,59,0,26,3,0,0,0,0,1
513801,21,5,21,0,0,7,4,39,4,8,1,258,53,105,2,170,189,10,48,50,42,118,54,0,0,0,0,0
446828,0,7,13,0,6,0,0,25,4,447,0,316,58,216,0,2,116,126,63,93,9,104,3,0,0,0,0,0
74061245,8,8,15,2,0,7,7,16,8,449,1,117,53,105,0,369,116,10,34,30,104,185,20,0,1,0,0,0
1596866,0,0,20,0,0,0,4,9,9,145,0,27,1,137,0,121,77,20,48,50,0,135,3,0,0,0,0,0
53080,15,3,11,0,0,0,4,0,4,324,0,275,55,105,0,282,170,10,75,33,264,205,3,0,0,0,0,0
100123,0,5,11,0,0,0,0,16,7,146,0,442,1,42,0,2,37,384,169,50,277,253,3,0,0,0,0,0
85777093,0,8,3,0,0,4,0,4,4,262,1,416,53,105,0,314,116,10,88,83,44,105,2,1,1,1,0,0
1470887,40,1,18,0,8,3,4,38,10,8,1,465,1,14,0,81,116,10,48,50,169,134,3,0,0,0,0,1
151609698,0,0,5,0,0,0,7,46,9,503,0,558,1,58,0,366,280,71,48,62,307,134,3,0,0,0,0,0
1300646,0,1,13,0,0,0,4,16,2,484,0,608,58,105,0,2,225,10,207,15,97,232,3,0,0,0,0,0
499867,13,8,5,0,0,0,5,0,7,104,1,766,54,105,0,32,116,36,48,50,207,168,3,0,0,0,0,0
805786,0,1,2,0,0,0,4,4,7,200,0,622,1,9,0,2,40,35,48,50,0,96,3,0,0,0,0,0
1099140,38,6,1,0,0,0,4,5,2,144,0,438,1,192,0,397,272,267,127,110,0,138,3,0,0,0,0,0
1799441,0,0,1,0,0,0,0,25,10,513,0,509,1,58,0,255,116,124,237,191,0,174,3,0,0,0,0,0
1381953,0,0,21,0,0,6,4,4,4,267,0,276,7,263,0,203,267,177,205,172,165,299,3,0,0,0,0,0
1287305,28,5,1,0,0,7,4,45,7,102,0,499,34,273,0,74,195,10,205,172,133,192,3,0,0,0,0,0
1866073,0,5,20,0,0,0,4,16,10,8,0,490,1,217,0,2,213,307,214,177,3,10,3,0,0,0,0,0
1233850,32,1,21,0,0,0,4,38,10,405,0,328,1,278,0,122,275,0,113,103,115,263,82,0,0,0,0,0
1771880,0,7,21,0,4,0,4,4,10,377,0,431,53,105,2,324,156,332,153,118,3,256,17,0,0,0,0,0
23954109,0,0,21,0,0,0,0,16,10,129,0,67,1,66,0,2,0,217,176,145,0,1,3,0,0,0,0,0
1567797,0,5,6,2,0,0,0,4,7,88,0,220,1,156,0,2,154,140,48,50,0,71,3,0,0,0,0,0
507033,30,7,13,0,8,7,4,4,4,361,1,163,120,105,0,30,116,108,205,127,29,154,94,0,0,0,0,1
996348,0,5,11,0,0,0,7,23,4,496,0,146,53,299,0,380,83,10,107,100,94,149,9,0,0,0,0,0
146267,7,0,1,0,0,0,6,38,4,10,0,60,1,244,0,2,251,40,42,46,0,170,3,0,0,0,0,0
1152518,0,8,21,2,0,0,4,29,4,104,0,602,5,105,0,31,20,10,48,50,37,230,99,0,0,0,0,0
919121,0,8,21,0,0,0,4,29,10,8,0,112,97,274,0,300,19,10,220,182,243,97,3,0,0,0,0,0
1120373,0,0,21,0,0,0,0,4,7,305,0,223,103,48,2,231,214,206,48,50,0,319,3,0,0,0,0,0
1445734,0,8,15,0,0,13,0,38,7,417,0,91,127,105,2,2,116,393,240,37,0,132,36,0,0,0,0,0
600280,0,6,21,0,0,0,4,4,10,219,0,729,1,151,0,2,149,298,27,23,0,140,3,0,0,0,0,0
1233360,0,7,18,2,8,0,4,4,7,533,0,622,53,105,0,385,116,10,205,172,125,83,3,0,0,0,0,1
819445,0,7,-1,0,0,3,0,38,4,8,1,284,1,97,0,84,256,273,69,68,0,132,3,0,0,1,0,1
104313664,0,5,19,0,0,0,4,16,4,8,0,485,53,174,0,155,173,131,48,50,257,131,48,0,0,0,0,0
37987,0,7,5,0,0,0,4,39,10,506,0,699,1,204,2,247,192,287,44,50,0,121,9,0,0,0,0,0
1802196,0,3,21,0,0,0,4,54,4,221,0,148,1,105,0,279,134,10,25,19,0,109,3,0,0,0,0,0
1961394,0,7,21,2,0,0,0,4,4,6,0,337,18,80,0,104,95,10,48,50,66,98,118,0,0,0,0,0
130087,0,8,10,0,5,3,0,19,4,8,1,500,1,87,0,109,0,215,151,201,0,131,3,1,0,0,0,0
1919561,0,8,1,0,0,0,4,5,4,18,0,409,70,23,0,2,183,409,13,13,69,132,40,0,0,0,0,0
623061,0,8,1,0,0,0,4,16,7,8,0,575,1,275,0,2,99,10,220,144,0,21,3,0,0,0,0,0
1594031,27,8,1,0,0,7,0,0,7,525,0,258,48,203,0,2,16,404,75,144,303,107,8,0,0,0,0,0
1874558,38,7,21,0,8,13,0,41,2,340,1,238,53,105,0,455,116,149,1,127,217,120,3,0,0,0,0,1
1407895,0,0,6,1,0,0,0,4,4,79,0,116,99,177,2,2,154,77,48,50,4,335,3,0,0,0,0,0
936707,0,5,2,0,4,7,7,4,7,104,1,664,5,105,2,20,98,10,134,117,75,124,98,0,0,0,0,0
213382,0,0,21,0,0,0,0,22,0,510,0,178,1,105,0,2,213,10,182,155,0,108,3,0,0,0,0,0
1447296,0,6,21,0,0,0,0,4,3,8,0,197,1,217,0,2,213,10,220,182,0,106,3,0,0,0,0,0
14898186,0,0,10,0,0,0,0,38,10,279,1,13,1,105,0,2,75,12,193,163,0,187,3,0,0,0,0,0
37494799,0,8,2,0,0,0,4,16,7,8,0,530,48,105,0,188,116,10,188,158,37,145,3,0,0,0,0,0
192914986,37,0,11,0,0,0,0,16,2,2,0,467,1,192,0,2,115,12,8,50,0,295,3,0,0,0,0,0
118501220,29,7,2,0,0,0,4,4,10,46,0,669,1,62,0,478,116,387,205,172,259,167,3,0,0,0,0,0
1401567,0,0,15,0,0,0,0,16,0,432,0,452,1,0,0,2,285,187,228,191,0,177,3,0,0,0,0,0
118046405,0,0,6,0,0,0,0,54,8,458,0,396,1,224,0,2,0,175,91,89,0,104,3,0,0,0,0,0
143917974,0,8,10,0,0,7,7,0,10,527,1,317,1,120,0,68,245,114,124,109,151,209,3,0,0,0,0,0
1404351,36,1,1,0,0,7,2,25,-1,8,1,473,5,105,2,98,116,35,134,117,37,99,3,0,0,0,0,0
1714313,0,8,21,1,0,7,4,16,4,436,0,168,80,293,0,2,40,113,48,50,0,96,3,0,0,0,0,0
952082,41,5,1,0,0,7,0,0,7,46,0,64,143,204,0,34,192,31,48,50,0,152,3,0,0,0,0,0
212274,0,3,13,0,0,0,0,54,10,391,0,512,1,45,12,46,40,10,205,172,138,142,3,0,0,0,0,0
512761,38,-1,5,0,0,7,7,-1,4,53,1,750,8,105,2,226,275,36,174,144,93,222,53,0,0,0,0,0
877389,0,7,6,0,8,0,4,16,4,427,1,248,43,66,2,80,107,154,65,42,4,100,3,0,0,0,0,0
256224,30,7,21,0,0,0,4,4,4,292,0,707,48,27,2,451,8,273,48,50,141,175,3,0,0,0,0,0
1097490,-1,8,20,0,0,0,4,39,9,8,0,70,1,311,0,106,116,10,48,50,37,240,3,0,0,0,0,0
633111,0,0,6,0,0,0,4,39,8,459,0,320,1,112,0,2,276,167,196,165,0,123,3,0,0,0,0,0
54865315,0,0,6,0,0,0,0,-1,2,538,0,321,1,134,0,2,306,32,48,50,0,189,3,0,0,0,0,0
1890740,0,0,2,0,0,0,4,39,8,45,0,761,84,60,0,2,75,427,48,50,115,101,3,0,0,0,0,0
514933,38,5,13,0,8,7,0,16,2,8,0,194,53,105,0,110,116,10,131,113,208,146,78,0,0,0,0,0
1956673,14,1,21,0,0,0,0,4,9,486,0,273,1,9,0,2,259,173,48,50,0,176,38,0,0,0,0,0
195994,12,5,6,0,0,0,0,4,10,109,0,71,1,26,0,2,151,48,201,50,0,134,3,0,0,0,0,0
350457,0,5,11,0,0,0,4,32,0,104,0,365,1,192,0,2,178,31,48,50,0,226,3,0,0,0,0,0
363089,0,0,21,0,0,0,4,4,0,285,0,226,1,311,0,2,199,145,48,50,0,118,3,0,0,0,0,0
907493,0,8,21,0,0,0,0,39,10,339,0,64,53,105,0,31,116,10,149,50,199,136,41,0,0,0,0,0
904832,0,7,10,1,0,0,0,25,7,131,1,33,135,66,2,2,75,26,226,187,0,297,3,0,0,0,0,0
686582,0,0,21,0,0,0,4,4,10,238,0,749,1,291,0,483,154,10,46,50,0,139,3,0,0,0,0,0
7926018,0,5,13,0,0,0,0,38,10,499,0,649,1,312,0,2,256,371,38,95,0,199,3,0,0,0,0,0
585219,0,8,8,0,0,2,0,16,5,453,1,586,1,54,0,442,292,10,142,50,0,105,67,1,0,0,0,0
3111930,0,0,20,0,0,0,0,16,8,103,0,374,26,73,0,2,169,242,48,119,0,190,3,0,0,0,0,0
1648254,33,7,21,1,8,4,0,4,4,286,1,356,1,66,0,79,75,246,48,50,0,154,3,1,0,0,0,1
166780307,39,1,15,0,0,0,4,4,10,102,0,100,11,260,2,149,119,368,123,191,27,186,3,0,0,0,0,0
124137051,0,7,13,0,8,1,4,19,7,273,1,480,1,105,2,26,194,245,141,50,309,59,3,0,0,0,0,1
707249,0,8,13,2,0,0,4,4,1,114,0,344,133,243,0,404,241,150,205,172,0,290,3,0,0,0,0,0
183120061,0,0,7,0,0,0,0,5,2,203,0,739,1,192,0,252,116,345,227,50,21,110,31,0,0,0,0,0
1568935,0,6,1,0,0,0,4,16,4,8,0,494,1,66,0,2,75,10,75,71,246,197,3,0,0,0,0,0
483734,0,1,1,0,0,0,0,0,10,526,0,755,1,111,0,2,121,67,229,144,0,96,3,0,0,0,0,0
620033,0,7,21,0,0,0,0,24,10,260,0,120,89,170,0,260,86,10,202,168,100,10,4,0,0,0,0,0
843614,0,8,1,1,0,0,4,16,4,431,1,413,21,311,2,466,19,10,205,50,4,104,3,0,0,0,0,0
1521460,0,0,17,0,0,0,0,4,4,39,0,377,48,93,0,2,102,54,222,50,294,125,3,0,0,0,0,0
211970,0,8,14,0,0,0,4,4,9,133,0,303,49,11,2,390,13,194,48,50,0,108,3,0,0,0,0,0
477104,0,7,1,0,0,0,0,4,4,98,0,456,1,264,0,2,301,284,234,21,263,19,3,0,0,0,0,0
37721629,0,5,7,0,0,0,0,5,2,494,0,740,53,105,0,2,225,217,227,11,0,173,42,0,0,0,0,0
14377547,37,0,11,0,0,0,0,16,2,401,0,190,1,66,0,2,178,165,176,50,0,228,3,0,0,0,0,0
1903089,38,8,13,0,0,0,4,4,7,172,0,648,53,256,2,425,255,83,48,50,0,88,3,0,0,0,0,0
1747577,21,8,5,2,0,7,4,0,8,23,0,313,53,105,2,295,19,10,174,144,55,192,98,0,0,0,0,0
681372,0,-1,21,0,0,0,4,4,10,445,0,159,53,116,0,287,122,10,174,46,115,110,3,0,0,0,0,0
997135,0,5,21,1,0,0,-1,4,10,87,1,294,1,242,0,269,239,18,48,50,0,124,3,0,0,0,0,0
511928,0,0,20,0,0,0,4,4,10,439,0,49,1,0,0,381,48,147,228,191,0,168,3,0,0,0,0,0
477313,0,8,1,2,0,13,6,38,10,223,0,614,58,105,2,285,116,10,174,144,19,137,126,0,0,0,0,0
1537954,0,6,1,0,0,0,4,25,7,8,0,23,133,298,0,2,50,10,75,43,227,284,106,0,0,0,0,0
399708,0,7,13,0,0,0,4,4,2,356,0,100,53,105,0,49,116,10,154,50,97,106,17,0,0,0,0,0
919241,8,5,14,0,0,0,4,4,10,8,0,152,53,105,2,414,116,10,48,50,158,214,7,0,0,0,0,0
23402471,0,5,21,0,0,0,4,4,10,89,0,82,1,72,0,357,116,54,48,50,160,61,3,0,0,0,0,0
154833956,47,7,1,6,8,7,4,0,4,301,1,151,1,20,2,2,256,10,48,63,30,177,83,0,0,0,0,0
69052901,0,8,5,0,0,0,4,38,10,8,0,527,1,309,0,474,75,10,38,38,0,109,3,0,0,0,0,0
1019490,0,8,21,0,0,0,4,4,7,409,1,423,1,54,0,267,269,408,3,25,321,25,3,0,0,0,0,0
452434,0,5,15,0,0,0,0,4,10,294,0,634,1,105,0,13,129,378,205,172,0,82,3,0,0,0,0,0
1969682,0,8,1,0,0,7,6,4,10,104,1,522,21,105,2,226,275,10,174,144,290,91,98,0,0,0,0,0
1239673,0,7,3,0,8,0,0,40,4,375,1,400,1,311,0,21,176,10,48,50,70,152,20,0,0,0,0,1
1887773,0,8,8,0,0,7,4,16,10,367,1,404,1,58,0,142,56,262,173,142,321,177,3,1,0,0,0,0
588099,0,5,1,0,0,0,4,38,4,81,0,572,1,62,0,25,134,82,205,172,205,139,3,0,0,0,0,0
187501619,0,7,5,0,0,7,0,4,4,37,0,581,1,105,0,276,116,89,174,144,0,2,3,0,0,0,0,0
161147300,0,7,21,0,0,3,0,0,7,373,1,696,1,252,2,2,178,370,222,52,0,179,3,1,0,0,0,0
483899,0,6,17,0,0,0,4,4,1,8,0,192,58,110,0,93,98,10,43,47,147,232,3,0,0,0,0,0
883586,0,5,1,2,0,0,4,25,7,8,0,502,53,213,0,436,213,10,174,144,70,113,21,0,0,0,0,0
1602162,0,8,5,0,0,0,4,39,8,21,0,258,53,105,2,245,98,10,174,144,37,21,12,0,0,0,0,0
354829,7,8,1,0,0,0,0,53,9,353,0,74,1,155,0,419,230,91,48,50,0,246,3,0,0,0,0,0
1543623,0,8,20,0,0,0,0,5,10,126,0,98,136,102,0,443,109,57,48,50,257,123,3,0,0,0,0,0
1836621,32,7,20,0,0,0,4,16,9,268,0,555,116,165,0,181,195,248,31,50,0,176,3,0,0,0,0,0
899938,0,7,1,0,0,0,4,38,10,46,1,336,1,121,0,178,127,216,43,47,185,174,101,0,0,0,0,0
1877641,0,8,3,0,0,0,4,39,10,413,0,132,1,192,0,377,265,75,48,50,0,152,3,0,0,0,0,0
396205,0,8,20,0,0,0,4,5,10,197,0,357,56,282,2,336,225,414,48,50,224,60,53,0,0,0,0,0
1296255,0,0,21,0,0,7,0,4,4,133,0,314,142,265,0,2,67,201,48,50,0,106,3,0,0,0,0,0
222788,0,5,13,0,6,0,0,4,10,120,0,647,1,223,0,2,225,32,228,191,91,172,3,0,0,0,0,0
794815,0,5,9,0,0,0,4,4,4,133,0,725,74,261,0,175,67,415,205,172,0,312,3,0,0,0,0,0
1231997,0,0,1,0,0,0,4,38,2,8,0,709,53,204,0,341,240,364,48,116,20,112,3,0,0,0,0,0
614998,0,8,21,0,0,0,0,4,10,8,0,73,1,85,2,374,75,10,132,70,0,55,3,0,0,0,0,0
1899039,0,8,10,0,0,3,0,51,7,359,1,475,5,105,2,5,116,10,135,78,0,220,3,1,0,0,0,0
280498,40,8,11,0,0,7,4,54,8,113,0,42,53,105,0,448,225,262,134,117,304,245,3,0,0,0,0,0
7003391,0,8,21,0,0,8,4,4,4,203,0,56,127,105,0,251,116,10,227,84,21,321,33,0,0,0,0,0
332955,0,-1,21,1,0,7,0,16,-1,8,0,258,21,105,2,103,41,10,174,170,97,91,3,0,0,0,0,0
150814946,0,5,21,0,0,0,4,4,2,249,0,82,1,105,0,2,126,54,161,91,16,14,51,0,0,0,0,0
838466,33,7,21,0,0,0,0,4,10,525,0,92,53,260,0,222,258,405,67,144,0,241,3,0,0,0,0,0
1318646,0,1,15,0,0,0,0,4,10,487,0,319,53,220,0,399,119,10,150,172,125,233,3,0,0,0,0,0
101008236,0,6,11,0,0,0,0,4,10,517,0,37,1,108,0,2,256,317,38,38,187,174,75,0,0,0,0,0
693363,0,8,13,0,0,0,0,4,10,304,0,414,62,128,0,154,242,174,90,88,0,151,19,0,0,0,0,0
82895350,0,1,6,1,0,0,4,38,4,337,0,405,21,105,0,370,75,10,48,50,66,80,3,0,0,0,0,0
939624,8,5,1,0,0,0,4,7,10,467,0,136,1,105,2,53,116,10,154,44,299,124,3,0,0,0,0,0
1938230,0,5,21,0,0,0,0,16,7,303,0,266,5,105,0,2,116,103,205,172,269,132,3,0,0,0,0,0
198827109,0,0,15,0,0,12,4,4,10,8,0,617,31,66,2,469,86,10,205,172,72,300,3,0,0,0,0,0
179794777,8,5,5,0,0,0,4,4,7,104,0,258,58,277,0,31,116,54,48,50,0,46,3,0,0,0,0,0
31621011,37,5,15,0,0,0,4,0,4,315,0,631,53,105,2,162,116,10,48,50,94,9,26,0,0,0,0,0
557776,0,1,21,0,0,0,7,39,8,469,0,667,1,260,0,263,261,10,174,144,297,104,3,0,0,0,0,0
1136885,0,6,21,1,0,0,4,4,10,8,0,488,1,54,0,2,50,273,228,191,3,80,3,0,0,0,0,0
1237504,33,4,1,0,0,7,0,5,10,521,0,411,76,54,2,2,225,32,22,17,0,237,3,0,0,0,0,0
795465,0,0,2,0,0,0,0,4,7,8,0,584,106,260,0,448,275,10,174,144,267,104,3,0,0,0,0,0
86904342,0,8,20,0,0,0,4,16,10,517,0,100,53,105,2,435,116,10,149,130,37,174,114,0,0,0,0,0
1515299,44,8,1,0,0,7,4,45,9,270,0,380,123,57,5,175,214,244,48,50,181,165,3,0,0,0,0,0
18546,0,5,3,0,0,0,0,4,10,169,0,199,1,35,0,124,184,346,23,18,0,136,3,0,0,0,0,0
753224,28,8,3,1,0,3,4,15,4,104,0,258,21,105,2,30,116,179,205,50,19,193,36,0,0,0,0,0
264657,0,0,1,0,0,0,0,16,9,212,0,58,53,212,0,31,259,39,228,191,0,142,53,0,0,0,0,0
138184,0,1,5,0,0,0,4,4,10,228,0,727,58,47,11,466,232,350,48,50,168,140,3,0,0,0,0,0
659090,0,0,11,0,0,0,4,4,10,235,0,557,1,12,0,231,14,330,205,172,318,318,3,0,0,0,0,0
774102,0,0,15,0,0,0,4,4,2,399,0,231,1,50,0,2,233,276,11,43,0,172,3,0,0,0,0,0
1102062,0,-1,5,0,0,0,4,39,8,31,0,497,24,105,0,2,189,10,48,50,0,110,3,0,0,0,0,0
1186410,0,3,21,0,0,0,0,4,4,294,0,561,53,192,2,293,178,341,48,50,213,65,3,0,0,0,0,0
1640744,0,8,1,0,0,2,4,4,10,406,0,94,1,203,0,31,98,406,48,50,137,174,55,0,0,0,0,0
42299665,1,0,5,0,0,0,4,39,8,349,1,483,53,105,0,387,116,10,48,50,262,142,3,0,0,0,0,0
1732339,0,7,18,0,8,0,0,4,4,545,1,680,53,105,0,2,116,390,242,199,0,138,3,0,0,0,0,0
1907957,0,1,21,1,0,0,0,4,10,8,0,653,53,105,2,235,274,10,211,50,0,138,3,0,0,0,0,0
1180101,0,8,3,0,0,8,7,54,6,104,0,239,53,105,2,157,116,141,30,27,195,139,98,0,0,0,0,0
1881313,0,8,2,0,0,0,7,4,4,8,0,258,53,105,2,2,116,364,9,143,0,71,3,0,0,0,0,0
1418391,0,8,1,0,0,7,0,4,3,227,0,703,1,105,0,2,116,168,41,43,3,245,3,0,0,0,0,0
712132,0,7,21,0,8,3,0,5,10,533,1,611,1,9,2,2,11,331,152,190,0,154,3,1,0,0,0,1
49480,0,8,11,0,0,0,4,38,10,492,0,290,1,114,0,2,165,186,48,50,0,143,3,0,0,0,0,0
1012649,27,8,1,0,0,0,4,38,7,378,0,619,48,8,0,102,10,127,168,138,0,306,116,0,0,0,0,0
83741552,0,7,21,0,4,0,7,38,7,141,0,309,1,105,0,2,302,10,140,127,76,245,80,0,0,0,0,0
995861,49,6,5,0,0,0,4,4,10,471,0,258,58,105,0,265,225,345,75,50,3,127,3,0,0,0,0,0
856194,0,8,1,2,0,0,4,25,10,540,0,777,58,66,0,352,256,256,205,172,315,151,3,0,0,0,0,0
1011356,0,0,15,0,0,0,0,38,10,351,0,639,1,0,0,2,0,10,205,172,0,309,3,0,0,0,0,0
1375132,0,6,1,0,0,0,0,16,4,349,0,763,1,147,0,2,140,55,205,172,0,128,3,0,0,0,0,0
1633179,0,8,2,0,0,0,0,16,2,104,0,330,21,105,0,12,116,97,134,117,0,89,3,0,0,0,0,0
102653512,0,8,21,0,9,3,4,18,4,294,1,390,53,105,2,2,116,98,48,50,0,230,3,1,0,0,0,0
877414,0,3,13,2,0,0,4,12,1,173,0,528,58,204,0,248,13,10,48,50,176,282,3,0,0,0,0,0
1486034,0,8,-1,0,0,-1,2,20,9,8,1,236,1,105,0,31,116,10,75,150,321,74,3,0,0,0,0,0
861510,3,0,21,0,0,0,0,0,4,306,0,16,1,36,0,2,36,273,48,81,0,149,3,0,0,0,0,0
164002734,0,0,-1,0,0,0,0,16,10,2,0,376,1,52,0,2,47,178,157,129,0,152,3,0,0,0,0,0
793348,0,5,21,0,0,0,0,4,10,485,0,267,53,105,0,2,211,171,48,50,0,259,3,0,0,0,0,0
1486949,0,8,2,0,0,7,4,39,9,59,1,689,5,105,0,146,116,393,48,50,115,230,3,0,0,0,0,0
83406,0,6,3,0,0,0,4,-1,4,344,0,678,1,131,6,2,133,389,205,172,115,148,3,0,0,0,0,0
1363234,28,8,20,0,0,8,7,0,1,104,1,258,48,105,2,47,275,90,174,46,19,46,53,0,0,0,0,0
293197,0,0,21,0,0,0,0,39,7,322,0,492,1,181,0,2,152,304,228,191,0,119,3,0,0,0,0,0
762574,48,8,1,0,0,0,4,29,4,8,1,736,1,260,0,85,275,10,174,144,297,122,21,0,0,0,0,0
371933,0,8,1,0,0,0,4,50,7,475,0,53,1,248,0,11,237,77,48,50,120,170,59,0,0,0,0,0
1403823,0,5,11,2,0,0,0,4,10,477,0,226,79,54,2,134,101,294,48,50,42,108,3,0,0,0,0,0
1377335,0,7,13,2,0,0,4,5,10,8,0,371,1,163,2,2,40,10,48,50,303,36,3,0,0,0,0,0
992249,0,0,1,0,6,7,0,4,10,153,0,283,58,192,0,2,178,0,228,191,0,8,3,0,0,0,0,0
220229,0,1,8,0,0,2,4,0,4,8,0,100,58,66,2,303,84,10,48,50,186,36,3,0,0,0,0,0
713825,0,0,11,0,0,0,0,5,7,547,0,604,1,105,0,2,306,315,228,191,0,146,12,0,0,0,0,0
1668551,0,0,6,0,0,7,0,31,10,80,0,737,1,228,0,241,202,80,48,50,250,141,3,0,0,0,0,0
1132362,0,0,-1,1,0,3,0,16,0,452,1,500,1,66,0,2,75,10,48,50,156,28,3,0,0,0,0,0
816411,0,7,21,1,0,0,0,4,4,8,0,565,58,118,2,322,40,10,48,50,117,74,3,0,0,0,0,0
263884,0,7,1,0,0,0,4,37,7,501,0,363,1,292,0,2,155,233,228,97,0,172,3,0,0,0,0,0
190196010,0,0,11,0,0,0,0,-1,0,2,0,577,1,0,0,2,0,235,48,50,0,281,3,0,0,0,0,0
227988,0,5,6,0,0,0,4,4,4,535,0,359,1,210,0,2,287,230,205,172,0,137,3,0,0,0,0,0
36875,0,0,1,0,0,0,4,38,7,416,0,588,1,156,0,2,22,185,19,172,0,152,3,0,0,0,0,0
44641638,0,0,11,0,0,0,0,-1,0,14,0,13,1,4,0,2,0,12,70,69,0,185,3,0,0,0,0,0
1737054,45,8,21,0,0,0,4,16,4,8,0,164,53,278,2,248,134,10,48,50,114,112,3,0,0,0,0,0
1291316,48,5,5,0,0,0,0,38,10,8,1,458,6,260,0,297,19,10,174,144,0,103,98,0,0,0,0,0
3173546,10,7,1,0,1,3,4,4,10,77,0,425,48,105,6,334,116,10,86,115,0,243,3,1,0,0,0,1
1136663,7,5,1,0,0,0,4,16,7,34,0,195,123,40,2,428,116,396,48,50,265,49,3,0,0,0,0,0
665756,0,6,15,0,0,7,0,54,10,8,0,278,0,105,0,272,305,10,48,50,0,61,81,0,0,0,0,0
180850491,19,0,15,0,0,0,4,5,1,397,0,656,1,9,0,468,116,383,48,50,0,143,3,0,0,0,0,0
437533,33,0,21,0,0,0,4,4,10,347,0,411,58,41,0,202,225,369,67,64,89,169,3,0,0,0,0,0
1048632,0,8,5,0,0,0,4,25,8,8,0,306,68,156,0,2,134,10,174,144,128,104,3,0,0,0,0,0
139299795,7,7,21,0,0,0,4,41,4,54,1,162,11,260,0,284,261,36,174,144,30,265,3,0,0,0,0,0
88397,0,0,1,0,0,0,0,0,10,238,0,584,1,105,0,2,116,56,236,50,0,110,102,0,0,0,0,0
86762634,1,8,7,0,0,0,0,23,4,163,0,379,1,9,0,480,59,274,48,50,0,184,30,0,0,0,0,0
243002,0,8,5,0,0,2,4,39,10,8,1,589,53,156,2,292,116,10,174,144,166,75,49,0,0,0,0,0
450219,33,0,1,0,0,0,0,23,9,7,0,482,58,17,0,2,208,27,48,50,0,176,3,0,0,0,0,0
1763149,0,0,5,0,0,0,4,38,7,173,0,395,1,90,0,273,100,288,48,50,0,127,3,0,0,0,0,0
79280249,-1,8,5,5,0,2,4,16,7,104,1,104,21,105,2,239,98,36,75,75,285,174,3,0,0,0,0,0
1677896,0,3,21,0,0,0,0,40,0,317,1,295,1,105,5,2,75,189,159,50,214,324,3,0,0,0,0,0
57798471,0,5,20,6,8,7,4,22,4,302,1,137,53,299,2,59,292,10,156,39,113,119,10,0,1,0,0,0
1105134,21,8,6,0,0,0,4,39,8,104,0,498,58,311,0,349,79,232,220,182,0,124,3,0,0,0,0,0
1891895,0,7,1,0,0,0,4,16,4,257,0,234,95,45,2,74,6,148,205,81,200,212,3,0,0,0,0,0
5398766,47,8,15,0,6,0,0,5,4,66,0,430,1,237,0,2,228,269,2,148,12,219,53,0,0,0,0,0
306833,0,8,1,0,0,13,0,25,8,8,0,634,1,155,0,2,153,10,188,144,0,61,52,0,0,0,0,0
730804,0,8,1,0,0,7,7,4,4,8,0,424,53,105,2,435,116,10,216,179,284,28,62,0,0,0,0,0
342903,0,5,1,0,0,0,4,22,7,8,0,335,124,105,0,375,67,10,205,50,191,100,3,0,0,0,0,0
188958994,38,8,21,0,0,7,0,4,7,386,0,106,1,173,2,271,171,10,160,133,149,9,123,0,0,0,0,0
514077,28,8,11,0,0,0,6,4,4,8,0,34,28,105,0,307,116,23,174,144,50,125,113,0,0,0,0,0
1878548,0,1,20,0,0,0,3,4,10,104,0,553,1,105,0,2,176,11,218,180,0,170,3,0,0,0,0,0
1876565,0,0,5,0,0,0,4,4,8,48,0,575,1,151,0,410,116,31,48,50,0,146,3,0,0,0,0,0
1206754,0,8,13,0,0,7,0,4,4,454,0,575,1,27,0,197,116,54,48,50,94,170,52,0,0,0,0,0
51545606,0,8,1,2,8,4,4,0,7,8,1,247,58,66,0,224,75,10,48,50,300,105,3,1,0,0,0,1
1735815,0,8,1,2,0,7,7,39,4,104,1,173,21,105,2,34,116,36,48,144,115,192,98,0,0,0,0,0
383397,0,7,13,2,0,3,0,4,4,106,1,384,53,105,0,50,116,94,153,48,247,249,3,1,0,0,0,0
60799,28,5,1,5,0,5,4,4,7,104,0,258,53,260,2,367,261,10,174,71,37,127,98,0,0,0,0,0
315432,0,8,1,0,0,0,7,54,10,56,1,655,1,57,2,2,213,382,75,144,0,122,17,0,0,0,0,0
1155640,0,6,1,0,0,0,4,16,10,490,0,305,59,273,0,101,271,10,230,192,0,72,3,0,0,0,0,0
1732840,0,7,1,0,0,7,0,4,10,365,0,721,1,203,0,396,114,336,75,71,0,139,3,0,0,0,0,0
673012,0,8,5,0,0,7,7,38,7,31,1,293,5,105,2,462,275,35,48,50,97,230,98,0,0,0,0,0
163696803,2,5,21,1,8,13,7,16,10,338,0,341,111,217,2,275,184,249,48,50,125,172,20,0,0,0,0,1
1328814,0,7,21,0,0,0,4,4,4,8,0,55,12,45,0,187,156,10,205,172,51,110,9,0,0,1,0,0
113963352,28,7,11,0,0,0,4,51,7,118,0,133,109,76,0,2,85,170,205,172,0,146,3,0,0,0,0,0
1602137,7,8,21,0,0,0,0,4,7,8,0,775,1,74,2,473,39,88,228,191,0,170,3,0,0,0,0,0
1765871,7,8,1,0,0,0,4,16,4,403,0,140,10,105,2,473,191,433,205,172,0,67,3,0,0,0,0,0
952963,0,0,1,0,0,7,4,4,10,454,0,564,46,105,0,2,116,364,48,53,0,167,30,0,0,0,0,0
474885,38,8,1,0,8,3,0,16,4,368,1,571,53,105,0,2,160,10,48,50,0,80,9,1,0,0,0,0
249589,0,8,1,0,8,13,0,16,2,132,0,200,127,89,0,2,99,133,48,50,0,131,30,0,0,0,0,0
858066,0,8,1,0,6,3,7,5,4,143,1,538,50,105,4,129,193,322,112,50,62,106,38,1,0,0,0,1
127517806,10,3,2,0,9,7,4,38,4,8,1,100,53,105,2,31,306,10,0,50,19,182,86,0,0,0,1,0
1338837,0,7,1,2,0,0,4,25,4,125,0,270,1,84,0,2,42,10,205,50,0,301,3,0,0,0,0,0
204742,7,8,1,0,0,0,4,16,1,242,0,551,96,204,2,38,259,10,48,50,0,258,3,0,0,0,0,0
1548289,0,2,21,0,0,4,0,4,10,517,1,12,1,192,0,2,116,10,79,77,0,28,116,1,0,0,0,0
1965879,0,7,1,0,0,3,4,51,10,8,1,361,1,238,0,356,229,412,48,50,15,144,58,1,0,1,0,1
1062099,0,6,1,0,0,3,6,39,10,8,1,760,53,105,2,302,116,167,163,134,3,105,124,1,0,0,0,0
116548206,34,8,1,1,9,7,0,38,4,8,1,696,53,201,0,2,256,10,120,107,0,186,3,0,1,0,0,0
165776436,3,8,21,7,9,13,0,0,10,534,1,252,53,105,2,345,116,10,81,50,6,119,53,0,1,1,0,0
712415,14,7,1,0,0,0,0,5,10,355,1,152,1,142,0,333,136,109,205,172,255,167,3,0,1,1,0,0
733192,0,0,20,0,0,0,4,39,8,410,0,712,95,311,1,2,260,93,48,50,0,120,3,0,0,0,0,0
134913,0,7,10,1,0,7,0,4,4,164,1,227,53,102,0,2,256,77,205,50,0,131,3,1,0,0,0,0
145401736,0,8,15,0,8,3,7,0,4,457,1,771,53,105,2,354,70,143,4,0,320,250,11,1,0,0,1,1
1938862,0,8,1,2,0,0,0,25,10,231,1,342,53,109,0,2,180,130,197,50,20,246,3,0,0,0,0,1
880032,0,8,3,0,0,0,4,4,10,425,1,187,1,103,0,215,93,10,205,50,0,106,3,0,0,0,0,1
104935066,0,8,1,0,0,7,0,16,7,9,1,679,5,9,2,4,66,221,72,0,241,145,70,0,0,0,0,1
1397964,0,7,5,0,8,0,0,39,10,85,0,720,1,105,0,2,116,83,181,5,0,106,3,0,0,0,0,1
1035346,30,8,5,2,0,0,4,4,10,512,0,282,1,131,0,31,256,238,47,50,0,194,3,0,0,0,0,0
444914,0,7,18,0,0,3,0,4,4,8,1,445,46,105,2,108,116,10,46,172,0,167,3,1,0,1,0,0
280042,0,7,5,2,1,0,0,4,10,229,1,33,50,105,13,2,154,22,153,172,0,119,3,0,0,0,0,0
44410582,0,7,21,0,0,0,4,16,10,312,1,311,5,105,2,2,116,10,48,50,0,230,3,0,1,0,0,1
1335881,0,7,10,0,8,4,4,4,4,166,1,720,1,54,0,2,116,410,48,50,82,333,3,1,0,0,0,0
1883538,0,7,21,0,8,0,4,4,10,8,0,163,53,290,2,2,179,332,153,172,309,256,3,0,0,0,0,1
191907197,26,7,5,0,8,0,0,4,4,195,1,480,1,176,2,2,256,296,197,166,0,36,3,0,0,0,0,0
119540048,42,6,21,0,0,7,0,0,7,310,1,692,53,105,0,322,116,394,192,162,226,227,43,1,1,0,0,1
1857950,21,8,15,0,0,2,6,39,8,104,1,422,5,105,2,438,116,10,134,117,77,194,3,0,0,0,0,0
1403309,0,1,1,0,0,0,0,54,10,539,0,754,1,302,0,304,205,297,233,82,0,141,3,0,0,0,0,0
161614515,19,8,1,0,0,7,0,50,4,226,1,573,53,191,2,2,177,289,138,121,0,198,3,0,0,0,0,0
341560,0,4,14,0,0,0,0,4,1,67,0,578,1,83,0,395,81,212,73,53,92,6,3,0,0,0,0,0
368264,0,8,18,0,1,0,0,4,10,8,1,332,53,300,5,2,293,214,153,127,0,87,3,0,0,0,0,1
1514111,0,6,21,0,4,7,0,5,4,532,0,277,53,10,0,2,290,10,228,191,0,103,26,0,0,0,0,0
1584936,0,0,11,0,0,0,0,38,10,550,0,258,1,98,0,100,206,125,205,172,0,170,3,0,0,0,0,0
1106747,0,0,13,0,0,0,7,30,4,290,0,476,1,135,0,2,134,273,102,97,324,179,3,0,0,0,0,0
925897,38,8,1,0,0,0,0,5,10,314,0,258,57,105,0,39,116,167,48,50,17,279,27,0,0,0,0,0
110813550,37,8,21,0,8,2,0,52,4,372,1,139,5,105,2,282,246,10,48,50,312,76,3,0,0,0,1,0
1981010,0,3,1,1,0,0,0,16,4,8,0,100,121,204,0,445,40,10,174,144,37,96,3,0,0,0,0,0
421030,18,8,21,0,0,0,4,38,4,378,0,348,58,105,0,2,12,10,48,50,0,93,3,0,0,0,0,0
258508,0,8,21,0,0,0,4,39,8,8,0,221,146,45,0,96,116,10,220,144,121,227,14,0,0,0,0,0
584977,7,8,1,0,0,13,0,23,10,476,0,50,48,105,0,2,116,353,114,104,0,109,34,0,0,0,0,0
617728,9,0,15,0,0,0,0,4,2,151,0,204,1,66,0,2,263,434,62,50,0,275,38,0,0,0,0,0
1209528,0,7,14,0,6,0,0,4,2,156,0,289,1,45,0,359,40,421,139,43,70,94,12,0,0,0,0,0
1734007,27,6,10,0,5,3,0,4,4,8,1,35,107,192,5,208,123,25,48,50,207,116,3,1,0,0,0,0
103561,0,1,18,0,0,13,0,4,10,421,1,185,53,105,2,118,116,10,10,57,1,106,45,0,0,0,0,1
1528386,0,0,15,0,0,3,4,9,10,65,1,75,1,111,5,2,121,51,48,50,203,298,3,0,0,0,0,0
896743,0,1,1,2,0,0,4,38,4,8,0,354,1,283,0,2,213,10,48,50,52,118,3,0,0,0,0,0
98622476,0,0,21,0,0,0,0,28,4,261,0,554,1,0,0,2,69,340,224,132,0,160,3,0,0,0,0,0
614536,0,8,21,0,8,0,0,4,7,374,1,400,1,311,2,82,304,334,48,50,0,326,3,0,0,0,0,1
143202244,25,8,5,0,0,3,4,16,9,8,1,519,53,105,2,430,67,10,48,50,197,206,3,0,0,0,0,0
155579055,0,5,7,0,0,0,4,5,2,203,0,437,53,193,0,7,178,424,76,0,178,188,77,0,0,0,0,0
869781,21,8,21,0,0,0,4,5,10,8,1,613,35,271,2,385,31,10,48,50,97,96,3,0,0,0,0,0
858492,15,8,1,2,8,7,0,38,10,8,1,191,4,272,13,57,116,123,48,50,233,154,77,1,0,0,0,1
224777,0,0,20,0,0,0,4,39,3,224,0,446,1,36,0,2,36,348,187,177,0,10,3,0,0,0,0,0
955097,7,7,21,0,8,0,4,4,10,83,1,97,1,105,0,2,116,31,126,50,0,334,3,0,0,0,0,1
1001948,0,7,13,2,0,3,4,38,4,421,1,575,38,66,0,216,75,32,48,50,0,105,3,1,0,0,0,1
155329262,0,8,6,2,0,0,4,4,4,394,0,516,61,180,0,401,86,314,205,50,270,183,3,0,0,0,0,0
57555980,0,7,1,0,8,3,0,31,10,370,1,541,38,105,2,2,116,10,48,50,64,183,3,1,0,0,0,0
784265,0,7,10,0,0,3,4,4,4,508,1,362,1,204,0,2,66,94,11,0,119,172,3,0,0,0,0,0
126699,0,0,1,0,8,0,4,38,10,402,0,63,1,0,0,2,212,283,197,166,0,127,3,0,0,0,0,0
130470,13,0,1,0,8,0,4,17,10,333,0,21,1,105,5,423,195,15,18,1,22,168,3,0,0,0,0,0
1592558,30,6,1,0,0,7,4,38,10,8,1,177,53,105,2,86,116,10,27,124,196,170,7,1,0,0,0,0
910213,0,8,1,0,8,0,4,0,2,157,1,231,1,292,0,2,58,333,228,191,0,5,3,0,0,0,0,0
179477870,26,5,1,2,0,0,4,54,4,477,0,368,1,58,12,2,245,10,11,55,0,189,3,0,0,0,0,0
191721813,0,8,1,4,8,13,4,16,10,8,1,386,53,105,0,42,116,10,74,0,84,258,9,1,1,0,0,1
21369704,0,8,11,1,9,0,4,4,10,360,0,334,1,105,0,487,225,33,12,191,322,189,9,0,0,0,0,0
591481,0,8,21,0,0,0,4,38,8,8,1,412,5,105,2,298,116,10,225,71,0,105,3,0,0,0,0,0
1415114,0,8,1,0,0,7,4,38,0,309,0,145,53,105,0,2,116,10,192,162,56,227,3,1,0,0,0,0
331232,27,8,21,0,0,3,0,4,10,8,1,59,53,105,0,2,116,10,88,83,0,55,3,1,0,0,0,0
422732,0,7,1,0,0,3,0,24,10,357,1,674,48,229,2,40,16,10,48,172,48,256,3,1,0,0,0,0
38764718,4,7,6,6,0,3,0,4,7,8,1,215,1,106,0,344,79,167,205,172,0,167,3,0,1,1,0,0
103057287,1,0,1,2,0,0,0,16,4,522,0,548,1,54,0,2,50,325,48,50,0,187,3,0,0,0,0,0
271216,0,1,6,2,0,0,0,4,4,312,0,369,1,229,0,2,141,181,48,50,0,149,3,0,0,0,0,0
257876,21,8,5,2,4,7,7,0,7,104,1,463,21,105,2,226,64,90,134,117,19,30,98,0,0,0,0,0
115701246,0,8,21,2,0,7,4,16,8,104,0,632,95,105,2,31,116,36,48,50,321,36,77,0,0,0,0,0
148082701,35,8,21,2,0,4,4,5,10,453,1,210,1,142,0,369,75,247,88,0,73,105,3,1,0,0,0,0
1180206,0,5,1,0,0,3,4,41,10,276,0,726,1,66,0,444,186,416,205,98,0,120,3,1,0,0,0,0
66104323,0,8,1,0,5,3,4,42,4,453,1,111,53,105,2,77,116,129,24,0,47,182,73,1,1,1,0,0
1805387,0,0,21,0,0,7,4,4,4,186,0,677,21,167,0,417,163,251,228,0,0,141,3,0,0,0,0,0
789627,31,8,5,0,0,0,4,39,1,37,0,730,1,105,0,2,245,418,164,0,125,36,3,0,0,0,0,0
43335747,0,8,1,0,8,13,4,26,4,384,1,697,53,105,2,24,256,21,6,0,245,189,20,0,0,0,1,1
1669803,0,0,6,0,0,0,4,44,8,105,0,625,140,246,0,89,304,375,48,144,66,123,3,0,0,0,0,0
634160,36,2,1,0,0,0,5,0,7,193,0,675,64,96,2,420,106,388,204,171,115,33,107,0,0,0,0,0
1180216,0,6,1,0,0,0,7,54,2,8,0,753,138,227,0,2,43,10,228,50,297,276,5,0,0,0,0,0
1326449,0,8,1,0,0,0,4,4,10,8,1,533,53,105,0,6,116,10,174,144,122,74,26,0,0,0,0,0
1508554,0,8,11,0,0,0,4,16,4,40,0,544,1,23,0,2,25,10,48,50,194,140,9,0,0,0,0,0
328927,0,8,5,0,0,7,4,39,8,104,1,258,5,105,0,460,116,35,48,50,80,36,3,0,0,0,0,0
70037708,0,8,21,0,0,13,7,5,10,334,0,382,53,105,0,22,116,217,58,0,23,336,11,0,0,0,0,0
1817694,30,8,21,2,0,0,0,4,7,293,0,242,145,294,2,473,10,152,205,144,37,139,3,0,0,0,0,0
1365277,0,8,20,0,0,7,7,45,4,8,0,713,58,36,0,475,259,307,214,177,0,135,3,0,0,0,0,0
800341,0,0,10,0,0,3,0,4,4,482,1,387,102,157,0,2,116,299,103,72,105,167,3,1,0,0,0,1
1114158,0,7,20,0,2,0,4,4,4,8,1,332,53,105,2,309,116,10,48,50,0,113,3,0,0,0,0,1
1181080,0,7,13,0,8,0,0,4,4,8,1,567,1,17,0,2,256,343,177,0,132,125,3,0,0,0,0,0
138192511,0,8,21,0,5,3,0,26,4,358,1,243,53,105,0,167,292,153,48,50,65,52,3,1,1,0,0,0
99622088,0,1,21,0,8,4,4,18,4,384,1,480,25,105,0,266,70,296,61,0,108,180,11,1,0,0,1,0
40753175,40,8,1,0,0,13,4,0,4,203,0,80,1,196,0,2,120,10,227,0,65,171,69,0,0,0,0,0
594383,0,8,1,0,0,7,4,25,7,477,1,72,53,105,0,351,116,250,223,184,0,86,92,0,0,0,0,0
1231223,0,8,1,0,6,0,0,5,4,152,0,583,1,57,0,2,54,213,228,33,0,5,3,0,0,0,0,0
178445,0,8,1,0,0,7,4,49,10,530,0,575,1,27,0,264,225,10,48,34,115,137,18,0,0,0,0,0
1771122,0,0,15,0,0,13,0,4,7,9,0,345,53,0,0,2,58,106,39,0,0,95,67,0,0,0,0,0
183868316,40,8,2,0,0,0,0,4,4,20,0,318,53,105,0,457,116,14,227,0,0,278,43,0,0,0,0,0
1627481,0,1,3,0,0,0,4,4,2,74,0,5,5,105,0,2,116,420,216,0,0,323,3,0,0,0,0,0
353578,0,0,5,0,0,0,4,25,8,105,0,774,1,246,0,193,34,408,196,165,0,123,3,0,0,0,0,0
1035719,0,7,9,0,0,0,0,24,4,486,1,768,38,187,2,2,147,430,236,73,0,111,3,0,0,0,0,0
1220952,0,1,21,0,0,7,0,39,8,209,0,258,1,135,0,260,134,345,214,66,3,55,74,0,0,0,0,0
377266,0,6,1,0,0,3,0,0,4,8,1,226,53,105,2,479,256,145,48,134,244,105,3,1,0,0,0,0
1671648,0,8,21,0,0,0,4,4,2,239,0,511,21,21,0,144,197,313,154,15,0,34,72,0,0,0,0,0
1389940,0,7,21,2,0,7,0,4,10,488,0,733,39,105,2,467,116,10,152,50,0,106,3,0,0,0,0,1
865758,0,5,21,6,0,7,0,26,4,149,1,394,22,105,2,2,51,257,200,0,325,14,3,0,0,1,0,0
122362,9,8,1,0,0,7,4,42,7,390,0,20,1,36,0,421,300,10,48,50,4,149,26,0,0,0,0,0
703764,0,7,1,0,0,0,4,54,1,8,0,100,53,56,0,447,116,10,174,0,37,192,9,0,0,0,0,0
338115,38,0,15,2,0,0,4,4,10,88,0,505,46,83,0,2,96,311,231,50,0,172,3,0,0,0,0,0
98342524,0,0,1,0,0,0,7,5,7,158,0,532,100,105,0,119,116,10,75,0,0,229,45,0,0,0,0,0
529384,0,3,1,0,0,0,0,25,10,533,1,434,12,105,2,455,232,271,153,189,150,192,11,0,0,0,0,1
668225,0,8,21,0,0,0,4,39,8,8,0,473,11,19,0,365,21,10,48,50,33,74,3,0,0,0,0,0
19267666,0,7,11,0,8,3,4,16,10,8,1,747,21,105,2,2,66,10,48,0,301,227,3,0,1,1,0,1
167333165,0,1,10,0,8,3,0,19,4,384,1,382,53,105,0,173,71,296,141,0,320,206,3,0,0,0,1,0
67892682,25,7,11,2,0,3,0,4,2,8,1,428,132,105,12,319,116,10,128,50,0,188,77,1,0,0,0,1
1766147,0,8,21,0,9,7,2,16,8,104,1,218,53,105,2,33,116,36,48,50,172,192,3,0,0,0,0,0
1242789,38,1,13,0,0,13,7,0,7,309,1,83,53,105,2,2,116,105,144,0,321,169,26,1,0,0,0,0
1643138,0,6,11,0,0,3,7,54,4,31,1,214,27,76,2,164,85,35,48,50,3,230,3,0,0,0,0,0
93127,0,5,21,0,0,0,4,16,7,46,0,718,1,192,0,393,50,160,125,50,0,146,26,0,0,0,0,0
1572876,0,1,21,2,0,0,4,16,4,381,0,95,1,100,0,2,79,10,100,95,0,264,3,0,0,0,0,0
1674695,0,7,21,0,8,3,4,16,7,341,1,209,53,105,2,147,116,10,48,0,36,154,3,0,0,0,0,1
137238378,0,7,21,2,0,0,4,4,1,243,0,537,126,9,12,55,245,10,48,50,66,264,3,0,0,0,0,0
943008,0,1,11,0,0,0,0,4,4,134,0,86,1,185,0,145,24,298,27,61,0,332,3,0,0,0,0,0
623494,0,7,4,0,0,0,4,16,1,275,0,568,1,57,0,2,54,344,205,172,0,77,3,0,0,0,0,0
1300681,0,7,10,0,0,0,0,4,10,406,1,758,1,105,0,2,116,321,205,131,0,313,3,0,0,0,0,1
615459,0,7,13,0,0,4,4,4,10,215,1,695,12,56,0,264,148,223,99,50,206,247,3,1,0,0,0,0
1630167,0,7,13,0,1,0,0,4,10,533,1,693,53,65,0,2,116,246,80,200,0,154,3,0,0,0,0,1
175175391,40,8,1,0,8,13,7,25,4,137,0,201,53,105,10,369,120,254,5,0,21,182,52,0,0,0,0,0
1727525,0,8,20,0,0,0,4,4,10,8,0,10,81,41,0,175,206,10,220,50,207,21,3,0,0,0,0,0
1425329,0,8,5,0,0,2,7,4,7,112,0,274,53,260,2,385,116,10,48,50,268,244,3,0,0,0,0,0
1663733,0,1,1,2,0,0,7,25,10,441,0,758,1,227,0,2,213,79,174,144,0,104,3,0,0,0,0,0
1593570,0,1,1,2,0,0,4,16,4,423,0,420,1,204,0,2,213,31,48,50,0,125,3,0,0,0,0,0
1926500,5,1,1,0,0,0,2,4,4,8,1,612,81,54,0,289,50,10,48,50,0,128,12,0,0,0,0,0
576454,0,8,8,0,5,2,4,0,4,356,1,695,53,105,12,360,116,10,83,0,225,265,90,1,0,1,0,0
565788,0,6,10,0,5,3,4,4,4,198,1,385,53,105,2,2,256,10,65,63,115,178,117,1,1,0,0,0
1959866,0,6,21,1,9,0,4,4,10,47,1,18,21,105,2,10,116,10,228,191,0,14,3,0,0,0,0,0
1967742,0,7,21,0,8,3,4,4,4,8,1,191,36,105,13,413,116,123,48,50,310,326,3,1,0,0,0,1
12050516,28,0,21,0,0,0,0,5,10,64,1,660,53,66,0,254,120,217,227,0,21,181,11,0,0,0,0,0
123737198,0,8,21,0,8,3,0,38,4,369,1,603,53,68,0,200,75,363,222,0,0,105,3,1,0,0,0,1
1307808,9,5,1,1,0,7,0,38,8,504,0,449,1,9,0,204,11,108,205,172,0,46,3,0,0,0,0,0
1747781,0,7,1,0,1,4,4,5,2,533,1,205,53,102,0,330,256,246,44,185,308,232,3,1,0,0,0,1
330608,0,7,1,0,0,7,4,3,10,398,1,43,1,45,2,2,40,275,7,9,0,159,3,0,0,0,0,0
